[2026-04-20T16:23:26.357Z] [WARN] Notification guard ACTIVE — outgoing Telegram messages are suppressed | {"bot":"smoke-bot","allow_admins":false}
[2026-04-20T16:23:26.359Z] [WARN] Notification suppressed (NOTIFICATIONS_DISABLED) | {"bot":"smoke-bot","method":"sendMessage","chat_id":999999,"preview":"hello world"}
[2026-04-20T16:23:26.360Z] [WARN] Notification suppressed (NOTIFICATIONS_DISABLED) | {"bot":"smoke-bot","method":"sendChatAction","chat_id":999999,"preview":""}
[2026-04-20T16:23:26.360Z] [WARN] Notification suppressed (NOTIFICATIONS_DISABLED) | {"bot":"smoke-bot","method":"editMessageReplyMarkup","chat_id":999999,"preview":""}
[2026-04-20T16:23:42.916Z] [WARN] Notification guard ACTIVE — outgoing Telegram messages are suppressed | {"bot":"admin-allow-bot","allow_admins":true}
[2026-04-20T16:23:43.206Z] [WARN] Notification suppressed (NOTIFICATIONS_DISABLED) | {"bot":"admin-allow-bot","method":"sendMessage","chat_id":999999,"preview":"other user"}
[2026-04-20T16:27:25.688Z] [WARN] Notification guard ACTIVE — outgoing Telegram messages are suppressed | {"bot":"main-bot","allow_admins":false}
[2026-04-20T16:27:25.705Z] [INFO] =============================
[2026-04-20T16:27:25.706Z] [INFO]   AIRSOFT CLUB BOT + APP v2  
[2026-04-20T16:27:25.707Z] [INFO] =============================
[2026-04-20T16:27:25.708Z] [INFO] Connecting MySQL... | {"host":"s5.thehost.com.ua","database":"airsoft_test_db"}
[2026-04-20T16:27:26.688Z] [INFO] MySQL OK
[2026-04-20T16:27:26.886Z] [DB] Q | {"sql":"SELECT COUNT(*) as c FROM players","rows":1,"ms":196}
[2026-04-20T16:27:27.065Z] [DB] Q | {"sql":"SELECT COUNT(*) as c FROM teams","rows":1,"ms":179}
[2026-04-20T16:27:27.286Z] [DB] Q | {"sql":"SELECT COUNT(*) as c FROM games","rows":1,"ms":220}
[2026-04-20T16:27:27.288Z] [INFO] DB | {"players":91,"teams":1,"games":5}
[2026-04-20T16:27:27.305Z] [WARN] Notification guard ACTIVE — outgoing Telegram messages are suppressed | {"bot":"api-bot","allow_admins":false}
[2026-04-20T16:27:46.438Z] [INFO] Keep-warm started | {"healthUrl":"https://airsoft-app.onrender.com/api/health","intervalMs":300000}
[2026-04-20T16:27:46.471Z] [INFO] Bot running!
[2026-04-20T16:27:46.473Z] [INFO] Express server on port 1488
[2026-04-20T16:27:46.475Z] [INFO] Mini App URL: http://localhost:1488
[2026-04-20T16:27:46.882Z] [DEBUG] API GET /profile | {"body":{}}
[2026-04-20T16:27:46.883Z] [WARN] DEV AUTH BYPASS | {"userId":412606522}
[2026-04-20T16:27:47.007Z] [DB] Q | {"sql":"SELECT * FROM players WHERE telegram_id=?","rows":1,"ms":122}
[2026-04-20T16:27:47.125Z] [DB] INS | {"sql":"UPDATE players SET telegram_username=? WHERE id=?","id":0,"ms":116}
[2026-04-20T16:27:47.125Z] [INFO] telegram_username synced from Telegram | {"playerId":1,"telegram_username":"dev_user"}
[2026-04-20T16:27:47.231Z] [DB] Q | {"sql":"SELECT p.*, t.name AS team_name\n       FROM players p LEFT JOIN teams t ON p.team_id = t.id\n       W","rows":1,"ms":103}
[2026-04-20T16:27:47.345Z] [DB] Q | {"sql":"SELECT badge_name, badge_emoji FROM player_badges WHERE player_id = ?","rows":5,"ms":114}
[2026-04-20T16:27:47.454Z] [DB] Q | {"sql":"SELECT g.id, g.date, g.time, g.game_mode, g.status, gp.result, gp.kills_total, gp.deaths_total\n     ","rows":5,"ms":106}
[2026-04-20T16:27:47.566Z] [DB] Q | {"sql":"SELECT winner_game_team, COUNT(*) AS wins\n         FROM rounds\n         WHERE game_id=? AND status='","rows":1,"ms":111}
[2026-04-20T16:27:47.625Z] [DB] Q | {"sql":"SELECT winner_game_team, COUNT(*) AS wins\n         FROM rounds\n         WHERE game_id=? AND status='","rows":2,"ms":58}
[2026-04-20T16:27:47.685Z] [DB] Q | {"sql":"SELECT winner_game_team, COUNT(*) AS wins\n         FROM rounds\n         WHERE game_id=? AND status='","rows":2,"ms":60}
[2026-04-20T16:27:47.750Z] [DB] Q | {"sql":"SELECT winner_game_team, COUNT(*) AS wins\n         FROM rounds\n         WHERE game_id=? AND status='","rows":2,"ms":63}
[2026-04-20T16:27:47.784Z] [DB] Q | {"sql":"SELECT winner_game_team, COUNT(*) AS wins\n         FROM rounds\n         WHERE game_id=? AND status='","rows":2,"ms":34}
[2026-04-20T16:27:47.874Z] [DB] Q | {"sql":"SELECT COUNT(*) AS c\n       FROM round_players rp\n       JOIN rounds r ON r.id = rp.round_id\n       ","rows":1,"ms":89}
[2026-04-20T16:27:47.984Z] [DB] Q | {"sql":"SELECT COUNT(*) AS c\n       FROM round_players rp\n       JOIN rounds r ON r.id = rp.round_id\n       ","rows":1,"ms":109}
[2026-04-20T16:27:48.103Z] [DB] Q | {"sql":"SELECT p.id, p.nickname, p.callsign, p.rating\n       FROM friends f\n       JOIN players p ON p.id = ","rows":2,"ms":118}
[2026-04-20T16:27:48.104Z] [INFO] Profile API | {"tgId":412606522,"isAdmin":true,"admins":[412606522]}
[2026-04-20T16:27:48.117Z] [DEBUG] API GET /profile | {"body":{}}
[2026-04-20T16:27:48.118Z] [WARN] DEV AUTH BYPASS | {"userId":412606522}
[2026-04-20T16:27:48.165Z] [DB] Q | {"sql":"SELECT * FROM players WHERE telegram_id=?","rows":1,"ms":46}
[2026-04-20T16:27:48.225Z] [DB] Q | {"sql":"SELECT p.*, t.name AS team_name\n       FROM players p LEFT JOIN teams t ON p.team_id = t.id\n       W","rows":1,"ms":60}
[2026-04-20T16:27:48.260Z] [DB] Q | {"sql":"SELECT badge_name, badge_emoji FROM player_badges WHERE player_id = ?","rows":5,"ms":33}
[2026-04-20T16:27:48.307Z] [DB] Q | {"sql":"SELECT g.id, g.date, g.time, g.game_mode, g.status, gp.result, gp.kills_total, gp.deaths_total\n     ","rows":5,"ms":45}
[2026-04-20T16:27:48.339Z] [DB] Q | {"sql":"SELECT winner_game_team, COUNT(*) AS wins\n         FROM rounds\n         WHERE game_id=? AND status='","rows":1,"ms":32}
[2026-04-20T16:27:48.394Z] [DB] Q | {"sql":"SELECT winner_game_team, COUNT(*) AS wins\n         FROM rounds\n         WHERE game_id=? AND status='","rows":2,"ms":55}
[2026-04-20T16:27:48.442Z] [DB] Q | {"sql":"SELECT winner_game_team, COUNT(*) AS wins\n         FROM rounds\n         WHERE game_id=? AND status='","rows":2,"ms":46}
[2026-04-20T16:27:48.474Z] [DB] Q | {"sql":"SELECT winner_game_team, COUNT(*) AS wins\n         FROM rounds\n         WHERE game_id=? AND status='","rows":2,"ms":31}
[2026-04-20T16:27:48.526Z] [DB] Q | {"sql":"SELECT winner_game_team, COUNT(*) AS wins\n         FROM rounds\n         WHERE game_id=? AND status='","rows":2,"ms":50}
[2026-04-20T16:27:48.585Z] [DB] Q | {"sql":"SELECT COUNT(*) AS c\n       FROM round_players rp\n       JOIN rounds r ON r.id = rp.round_id\n       ","rows":1,"ms":59}
[2026-04-20T16:27:48.620Z] [DB] Q | {"sql":"SELECT COUNT(*) AS c\n       FROM round_players rp\n       JOIN rounds r ON r.id = rp.round_id\n       ","rows":1,"ms":33}
[2026-04-20T16:27:48.664Z] [DB] Q | {"sql":"SELECT p.id, p.nickname, p.callsign, p.rating\n       FROM friends f\n       JOIN players p ON p.id = ","rows":2,"ms":44}
[2026-04-20T16:27:48.665Z] [INFO] Profile API | {"tgId":412606522,"isAdmin":true,"admins":[412606522]}
[2026-04-20T16:27:48.671Z] [DEBUG] API GET /profile | {"body":{}}
[2026-04-20T16:27:48.672Z] [WARN] DEV AUTH BYPASS | {"userId":412606522}
[2026-04-20T16:27:48.726Z] [DB] Q | {"sql":"SELECT * FROM players WHERE telegram_id=?","rows":1,"ms":52}
[2026-04-20T16:27:48.785Z] [DB] Q | {"sql":"SELECT p.*, t.name AS team_name\n       FROM players p LEFT JOIN teams t ON p.team_id = t.id\n       W","rows":1,"ms":58}
[2026-04-20T16:27:48.842Z] [DB] Q | {"sql":"SELECT badge_name, badge_emoji FROM player_badges WHERE player_id = ?","rows":5,"ms":55}
[2026-04-20T16:27:48.895Z] [DB] Q | {"sql":"SELECT g.id, g.date, g.time, g.game_mode, g.status, gp.result, gp.kills_total, gp.deaths_total\n     ","rows":5,"ms":52}
[2026-04-20T16:27:48.944Z] [DB] Q | {"sql":"SELECT winner_game_team, COUNT(*) AS wins\n         FROM rounds\n         WHERE game_id=? AND status='","rows":1,"ms":48}
[2026-04-20T16:27:49.005Z] [DB] Q | {"sql":"SELECT winner_game_team, COUNT(*) AS wins\n         FROM rounds\n         WHERE game_id=? AND status='","rows":2,"ms":59}
[2026-04-20T16:27:49.036Z] [DB] Q | {"sql":"SELECT winner_game_team, COUNT(*) AS wins\n         FROM rounds\n         WHERE game_id=? AND status='","rows":2,"ms":31}
[2026-04-20T16:27:49.067Z] [DB] Q | {"sql":"SELECT winner_game_team, COUNT(*) AS wins\n         FROM rounds\n         WHERE game_id=? AND status='","rows":2,"ms":30}
[2026-04-20T16:27:49.101Z] [DB] Q | {"sql":"SELECT winner_game_team, COUNT(*) AS wins\n         FROM rounds\n         WHERE game_id=? AND status='","rows":2,"ms":33}
[2026-04-20T16:27:49.144Z] [DB] Q | {"sql":"SELECT COUNT(*) AS c\n       FROM round_players rp\n       JOIN rounds r ON r.id = rp.round_id\n       ","rows":1,"ms":42}
[2026-04-20T16:27:49.204Z] [DB] Q | {"sql":"SELECT COUNT(*) AS c\n       FROM round_players rp\n       JOIN rounds r ON r.id = rp.round_id\n       ","rows":1,"ms":59}
[2026-04-20T16:27:49.239Z] [DB] Q | {"sql":"SELECT p.id, p.nickname, p.callsign, p.rating\n       FROM friends f\n       JOIN players p ON p.id = ","rows":2,"ms":34}
[2026-04-20T16:27:49.240Z] [INFO] Profile API | {"tgId":412606522,"isAdmin":true,"admins":[412606522]}
[2026-04-20T16:28:02.380Z] [DEBUG] Keep-warm ping OK | {"status":200}
[2026-04-20T16:30:56.586Z] [DEBUG] API GET /profile | {"body":{}}
[2026-04-20T16:30:56.587Z] [WARN] DEV AUTH BYPASS | {"userId":412606522}
[2026-04-20T16:30:56.642Z] [DB] Q | {"sql":"SELECT * FROM players WHERE telegram_id=?","rows":1,"ms":52}
[2026-04-20T16:30:56.678Z] [DB] Q | {"sql":"SELECT p.*, t.name AS team_name\n       FROM players p LEFT JOIN teams t ON p.team_id = t.id\n       W","rows":1,"ms":35}
[2026-04-20T16:30:56.720Z] [DB] Q | {"sql":"SELECT badge_name, badge_emoji FROM player_badges WHERE player_id = ?","rows":5,"ms":41}
[2026-04-20T16:30:56.767Z] [DB] Q | {"sql":"SELECT g.id, g.date, g.time, g.game_mode, g.status, gp.result, gp.kills_total, gp.deaths_total\n     ","rows":5,"ms":44}
[2026-04-20T16:30:56.826Z] [DB] Q | {"sql":"SELECT winner_game_team, COUNT(*) AS wins\n         FROM rounds\n         WHERE game_id=? AND status='","rows":1,"ms":58}
[2026-04-20T16:30:56.871Z] [DB] Q | {"sql":"SELECT winner_game_team, COUNT(*) AS wins\n         FROM rounds\n         WHERE game_id=? AND status='","rows":2,"ms":42}
[2026-04-20T16:30:56.916Z] [DB] Q | {"sql":"SELECT winner_game_team, COUNT(*) AS wins\n         FROM rounds\n         WHERE game_id=? AND status='","rows":2,"ms":44}
[2026-04-20T16:30:56.952Z] [DB] Q | {"sql":"SELECT winner_game_team, COUNT(*) AS wins\n         FROM rounds\n         WHERE game_id=? AND status='","rows":2,"ms":35}
[2026-04-20T16:30:56.996Z] [DB] Q | {"sql":"SELECT winner_game_team, COUNT(*) AS wins\n         FROM rounds\n         WHERE game_id=? AND status='","rows":2,"ms":43}
[2026-04-20T16:30:57.042Z] [DB] Q | {"sql":"SELECT COUNT(*) AS c\n       FROM round_players rp\n       JOIN rounds r ON r.id = rp.round_id\n       ","rows":1,"ms":44}
[2026-04-20T16:30:57.078Z] [DB] Q | {"sql":"SELECT COUNT(*) AS c\n       FROM round_players rp\n       JOIN rounds r ON r.id = rp.round_id\n       ","rows":1,"ms":34}
[2026-04-20T16:30:57.127Z] [DB] Q | {"sql":"SELECT p.id, p.nickname, p.callsign, p.rating\n       FROM friends f\n       JOIN players p ON p.id = ","rows":2,"ms":47}
[2026-04-20T16:30:57.128Z] [INFO] Profile API | {"tgId":412606522,"isAdmin":true,"admins":[412606522]}
[2026-04-20T16:30:57.261Z] [DEBUG] API GET /friends | {"body":{}}
[2026-04-20T16:30:57.262Z] [WARN] DEV AUTH BYPASS | {"userId":412606522}
[2026-04-20T16:30:57.264Z] [DEBUG] API GET /loot/state | {"body":{}}
[2026-04-20T16:30:57.266Z] [WARN] DEV AUTH BYPASS | {"userId":412606522}
[2026-04-20T16:30:57.270Z] [DEBUG] API GET /survey/status | {"body":{}}
[2026-04-20T16:30:57.271Z] [WARN] DEV AUTH BYPASS | {"userId":412606522}
[2026-04-20T16:30:57.307Z] [DB] Q | {"sql":"SELECT * FROM players WHERE telegram_id=?","rows":1,"ms":43}
[2026-04-20T16:30:57.382Z] [DB] Q | {"sql":"SELECT id FROM players WHERE telegram_id = ?","rows":1,"ms":74}
[2026-04-20T16:30:57.426Z] [DB] Q | {"sql":"SELECT p.id, p.nickname, p.callsign, p.rating\n       FROM friends f\n       JOIN players p ON p.id = ","rows":2,"ms":43}
[2026-04-20T16:30:57.477Z] [DB] Q | {"sql":"SELECT * FROM players WHERE telegram_id=?","rows":1,"ms":204}
[2026-04-20T16:30:57.485Z] [DB] Q | {"sql":"SELECT * FROM players WHERE telegram_id=?","rows":1,"ms":218}
[2026-04-20T16:30:57.507Z] [DB] Q | {"sql":"SELECT f.id, p.nickname, p.callsign, p.rating\n       FROM friends f\n       JOIN players p ON p.id = ","rows":0,"ms":79}
[2026-04-20T16:30:57.532Z] [DB] Q | {"sql":"SELECT * FROM players WHERE telegram_id=?","rows":1,"ms":45}
[2026-04-20T16:30:57.548Z] [DB] Q | {"sql":"SELECT id, created_at\n       FROM player_feedback_surveys\n       WHERE player_id=? AND survey_key=?\n","rows":0,"ms":69}
[2026-04-20T16:30:57.602Z] [DB] Q | {"sql":"SELECT rating FROM players WHERE id=?","rows":1,"ms":68}
[2026-04-20T16:30:57.672Z] [DB] Q | {"sql":"SELECT * FROM player_spins WHERE player_id=?","rows":1,"ms":69}
[2026-04-20T16:30:57.763Z] [DB] Q | {"sql":"SELECT id, reward_key, rarity, image_url, status, source, created_at FROM player_loot_rewards WHERE ","rows":2,"ms":88}
[2026-04-20T16:31:25.748Z] [DEBUG] API GET /profile | {"body":{}}
[2026-04-20T16:31:25.749Z] [WARN] DEV AUTH BYPASS | {"userId":412606522}
[2026-04-20T16:31:25.788Z] [DB] Q | {"sql":"SELECT * FROM players WHERE telegram_id=?","rows":1,"ms":38}
[2026-04-20T16:31:25.855Z] [DB] Q | {"sql":"SELECT p.*, t.name AS team_name\n       FROM players p LEFT JOIN teams t ON p.team_id = t.id\n       W","rows":1,"ms":66}
[2026-04-20T16:31:25.966Z] [DB] Q | {"sql":"SELECT badge_name, badge_emoji FROM player_badges WHERE player_id = ?","rows":5,"ms":110}
[2026-04-20T16:31:26.045Z] [DB] Q | {"sql":"SELECT g.id, g.date, g.time, g.game_mode, g.status, gp.result, gp.kills_total, gp.deaths_total\n     ","rows":5,"ms":78}
[2026-04-20T16:31:26.167Z] [DB] Q | {"sql":"SELECT winner_game_team, COUNT(*) AS wins\n         FROM rounds\n         WHERE game_id=? AND status='","rows":1,"ms":121}
[2026-04-20T16:31:26.199Z] [DB] Q | {"sql":"SELECT winner_game_team, COUNT(*) AS wins\n         FROM rounds\n         WHERE game_id=? AND status='","rows":2,"ms":31}
[2026-04-20T16:31:26.252Z] [DB] Q | {"sql":"SELECT winner_game_team, COUNT(*) AS wins\n         FROM rounds\n         WHERE game_id=? AND status='","rows":2,"ms":51}
[2026-04-20T16:31:26.300Z] [DB] Q | {"sql":"SELECT winner_game_team, COUNT(*) AS wins\n         FROM rounds\n         WHERE game_id=? AND status='","rows":2,"ms":47}
[2026-04-20T16:31:26.346Z] [DB] Q | {"sql":"SELECT winner_game_team, COUNT(*) AS wins\n         FROM rounds\n         WHERE game_id=? AND status='","rows":2,"ms":44}
[2026-04-20T16:31:26.465Z] [DB] Q | {"sql":"SELECT COUNT(*) AS c\n       FROM round_players rp\n       JOIN rounds r ON r.id = rp.round_id\n       ","rows":1,"ms":118}
[2026-04-20T16:31:26.591Z] [DB] Q | {"sql":"SELECT COUNT(*) AS c\n       FROM round_players rp\n       JOIN rounds r ON r.id = rp.round_id\n       ","rows":1,"ms":124}
[2026-04-20T16:31:26.726Z] [DB] Q | {"sql":"SELECT p.id, p.nickname, p.callsign, p.rating\n       FROM friends f\n       JOIN players p ON p.id = ","rows":2,"ms":134}
[2026-04-20T16:31:26.727Z] [INFO] Profile API | {"tgId":412606522,"isAdmin":true,"admins":[412606522]}
[2026-04-20T16:31:26.758Z] [DEBUG] API GET /friends | {"body":{}}
[2026-04-20T16:31:26.760Z] [WARN] DEV AUTH BYPASS | {"userId":412606522}
[2026-04-20T16:31:26.762Z] [DEBUG] API GET /loot/state | {"body":{}}
[2026-04-20T16:31:26.762Z] [WARN] DEV AUTH BYPASS | {"userId":412606522}
[2026-04-20T16:31:26.765Z] [DEBUG] API GET /survey/status | {"body":{}}
[2026-04-20T16:31:26.766Z] [WARN] DEV AUTH BYPASS | {"userId":412606522}
[2026-04-20T16:31:26.797Z] [DB] Q | {"sql":"SELECT * FROM players WHERE telegram_id=?","rows":1,"ms":37}
[2026-04-20T16:31:26.800Z] [DB] Q | {"sql":"SELECT * FROM players WHERE telegram_id=?","rows":1,"ms":36}
[2026-04-20T16:31:26.802Z] [DB] Q | {"sql":"SELECT * FROM players WHERE telegram_id=?","rows":1,"ms":35}
[2026-04-20T16:31:26.844Z] [DB] Q | {"sql":"SELECT * FROM players WHERE telegram_id=?","rows":1,"ms":42}
[2026-04-20T16:31:26.860Z] [DB] Q | {"sql":"SELECT id FROM players WHERE telegram_id = ?","rows":1,"ms":62}
[2026-04-20T16:31:26.888Z] [DB] Q | {"sql":"SELECT id, created_at\n       FROM player_feedback_surveys\n       WHERE player_id=? AND survey_key=?\n","rows":0,"ms":84}
[2026-04-20T16:31:26.907Z] [DB] Q | {"sql":"SELECT p.id, p.nickname, p.callsign, p.rating\n       FROM friends f\n       JOIN players p ON p.id = ","rows":2,"ms":46}
[2026-04-20T16:31:26.917Z] [DB] Q | {"sql":"SELECT rating FROM players WHERE id=?","rows":1,"ms":72}
[2026-04-20T16:31:26.995Z] [DB] Q | {"sql":"SELECT f.id, p.nickname, p.callsign, p.rating\n       FROM friends f\n       JOIN players p ON p.id = ","rows":0,"ms":87}
[2026-04-20T16:31:27.029Z] [DB] Q | {"sql":"SELECT * FROM player_spins WHERE player_id=?","rows":1,"ms":109}
[2026-04-20T16:31:27.102Z] [DB] Q | {"sql":"SELECT id, reward_key, rarity, image_url, status, source, created_at FROM player_loot_rewards WHERE ","rows":2,"ms":71}
[2026-04-20T16:32:46.902Z] [DEBUG] Keep-warm ping OK | {"status":200}
[2026-04-20T16:33:47.162Z] [DEBUG] API GET /games | {"body":{}}
[2026-04-20T16:33:47.163Z] [WARN] DEV AUTH BYPASS | {"userId":412606522}
[2026-04-20T16:33:47.201Z] [DB] Q | {"sql":"SELECT * FROM players WHERE telegram_id=?","rows":1,"ms":38}
[2026-04-20T16:33:47.287Z] [DB] Q | {"sql":"SELECT * FROM games ORDER BY created_at DESC LIMIT 50","rows":5,"ms":84}
[2026-04-20T16:33:47.404Z] [DB] Q | {"sql":"SELECT game_id, COUNT(*) as c\n         FROM game_players\n         WHERE game_id IN (?,?,?,?,?)\n     ","rows":5,"ms":115}
[2026-04-20T16:33:47.493Z] [DB] Q | {"sql":"SELECT id FROM players WHERE telegram_id = ?","rows":1,"ms":88}
[2026-04-20T16:33:47.621Z] [DB] Q | {"sql":"SELECT friend_id FROM friends WHERE player_id=? AND status='accepted'","rows":2,"ms":127}
[2026-04-20T16:33:47.739Z] [DB] Q | {"sql":"SELECT gp.game_id, COALESCE(p.callsign, p.nickname) AS nickname\n             FROM game_players gp\n  ","rows":4,"ms":116}
[2026-04-20T16:37:11.340Z] [WARN] Notification guard ACTIVE — outgoing Telegram messages are suppressed | {"bot":"main-bot","allow_admins":false}
[2026-04-20T16:37:11.349Z] [INFO] =============================
[2026-04-20T16:37:11.350Z] [INFO]   AIRSOFT CLUB BOT + APP v2  
[2026-04-20T16:37:11.350Z] [INFO] =============================
[2026-04-20T16:37:11.351Z] [INFO] Connecting MySQL... | {"host":"s5.thehost.com.ua","database":"airsoft_test_db"}
[2026-04-20T16:37:11.671Z] [INFO] MySQL OK
[2026-04-20T16:37:11.742Z] [DB] Q | {"sql":"SELECT COUNT(*) as c FROM players","rows":1,"ms":70}
[2026-04-20T16:37:11.813Z] [DB] Q | {"sql":"SELECT COUNT(*) as c FROM teams","rows":1,"ms":69}
[2026-04-20T16:37:11.883Z] [DB] Q | {"sql":"SELECT COUNT(*) as c FROM games","rows":1,"ms":70}
[2026-04-20T16:37:11.885Z] [INFO] DB | {"players":91,"teams":1,"games":5}
[2026-04-20T16:37:11.894Z] [WARN] Notification guard ACTIVE — outgoing Telegram messages are suppressed | {"bot":"api-bot","allow_admins":false}
[2026-04-20T16:37:12.228Z] [INFO] Keep-warm started | {"healthUrl":"https://airsoft-app.onrender.com/api/health","intervalMs":300000}
[2026-04-20T16:37:12.250Z] [INFO] Bot running!
[2026-04-20T16:37:12.251Z] [INFO] Express server on port 1488
[2026-04-20T16:37:12.253Z] [INFO] Mini App URL: http://localhost:1488
[2026-04-20T16:37:20.712Z] [WARN] Notification guard ACTIVE — outgoing Telegram messages are suppressed | {"bot":"main-bot","allow_admins":false}
[2026-04-20T16:37:20.724Z] [INFO] =============================
[2026-04-20T16:37:20.725Z] [INFO]   AIRSOFT CLUB BOT + APP v2  
[2026-04-20T16:37:20.726Z] [INFO] =============================
[2026-04-20T16:37:20.727Z] [INFO] Connecting MySQL... | {"host":"s5.thehost.com.ua","database":"airsoft_test_db"}
[2026-04-20T16:37:21.023Z] [INFO] MySQL OK
[2026-04-20T16:37:21.123Z] [DB] Q | {"sql":"SELECT COUNT(*) as c FROM players","rows":1,"ms":98}
[2026-04-20T16:37:21.238Z] [DB] Q | {"sql":"SELECT COUNT(*) as c FROM teams","rows":1,"ms":113}
[2026-04-20T16:37:21.342Z] [DB] Q | {"sql":"SELECT COUNT(*) as c FROM games","rows":1,"ms":104}
[2026-04-20T16:37:21.343Z] [INFO] DB | {"players":91,"teams":1,"games":5}
[2026-04-20T16:37:21.356Z] [WARN] Notification guard ACTIVE — outgoing Telegram messages are suppressed | {"bot":"api-bot","allow_admins":false}
[2026-04-20T16:37:21.834Z] [INFO] Keep-warm started | {"healthUrl":"https://airsoft-app.onrender.com/api/health","intervalMs":300000}
[2026-04-20T16:37:21.858Z] [INFO] Bot running!
[2026-04-20T16:37:21.859Z] [INFO] Express server on port 1488
[2026-04-20T16:37:21.860Z] [INFO] Mini App URL: http://localhost:1488
[2026-04-20T16:37:28.538Z] [WARN] Notification guard ACTIVE — outgoing Telegram messages are suppressed | {"bot":"main-bot","allow_admins":false}
[2026-04-20T16:37:28.547Z] [INFO] =============================
[2026-04-20T16:37:28.548Z] [INFO]   AIRSOFT CLUB BOT + APP v2  
[2026-04-20T16:37:28.549Z] [INFO] =============================
[2026-04-20T16:37:28.550Z] [INFO] Connecting MySQL... | {"host":"s5.thehost.com.ua","database":"airsoft_test_db"}
[2026-04-20T16:37:28.881Z] [INFO] MySQL OK
[2026-04-20T16:37:28.964Z] [DB] Q | {"sql":"SELECT COUNT(*) as c FROM players","rows":1,"ms":82}
[2026-04-20T16:37:29.146Z] [DB] Q | {"sql":"SELECT COUNT(*) as c FROM teams","rows":1,"ms":181}
[2026-04-20T16:37:29.284Z] [DB] Q | {"sql":"SELECT COUNT(*) as c FROM games","rows":1,"ms":137}
[2026-04-20T16:37:29.285Z] [INFO] DB | {"players":91,"teams":1,"games":5}
[2026-04-20T16:37:29.298Z] [WARN] Notification guard ACTIVE — outgoing Telegram messages are suppressed | {"bot":"api-bot","allow_admins":false}
[2026-04-20T16:37:29.641Z] [INFO] Keep-warm started | {"healthUrl":"https://airsoft-app.onrender.com/api/health","intervalMs":300000}
[2026-04-20T16:37:29.659Z] [INFO] Bot running!
[2026-04-20T16:37:29.659Z] [INFO] Express server on port 1488
[2026-04-20T16:37:29.660Z] [INFO] Mini App URL: http://localhost:1488
[2026-04-20T16:37:35.797Z] [WARN] Notification guard ACTIVE — outgoing Telegram messages are suppressed | {"bot":"main-bot","allow_admins":false}
[2026-04-20T16:37:35.806Z] [INFO] =============================
[2026-04-20T16:37:35.807Z] [INFO]   AIRSOFT CLUB BOT + APP v2  
[2026-04-20T16:37:35.807Z] [INFO] =============================
[2026-04-20T16:37:35.808Z] [INFO] Connecting MySQL... | {"host":"s5.thehost.com.ua","database":"airsoft_test_db"}
[2026-04-20T16:37:36.134Z] [INFO] MySQL OK
[2026-04-20T16:37:36.239Z] [DB] Q | {"sql":"SELECT COUNT(*) as c FROM players","rows":1,"ms":103}
[2026-04-20T16:37:36.344Z] [DB] Q | {"sql":"SELECT COUNT(*) as c FROM teams","rows":1,"ms":103}
[2026-04-20T16:37:36.449Z] [DB] Q | {"sql":"SELECT COUNT(*) as c FROM games","rows":1,"ms":103}
[2026-04-20T16:37:36.449Z] [INFO] DB | {"players":91,"teams":1,"games":5}
[2026-04-20T16:37:36.460Z] [WARN] Notification guard ACTIVE — outgoing Telegram messages are suppressed | {"bot":"api-bot","allow_admins":false}
[2026-04-20T16:37:36.862Z] [INFO] Keep-warm started | {"healthUrl":"https://airsoft-app.onrender.com/api/health","intervalMs":300000}
[2026-04-20T16:37:36.886Z] [INFO] Bot running!
[2026-04-20T16:37:36.887Z] [INFO] Express server on port 1488
[2026-04-20T16:37:36.888Z] [INFO] Mini App URL: http://localhost:1488
[2026-04-20T16:37:41.943Z] [WARN] Notification guard ACTIVE — outgoing Telegram messages are suppressed | {"bot":"main-bot","allow_admins":false}
[2026-04-20T16:37:41.952Z] [INFO] =============================
[2026-04-20T16:37:41.952Z] [INFO]   AIRSOFT CLUB BOT + APP v2  
[2026-04-20T16:37:41.953Z] [INFO] =============================
[2026-04-20T16:37:41.954Z] [INFO] Connecting MySQL... | {"host":"s5.thehost.com.ua","database":"airsoft_test_db"}
[2026-04-20T16:37:42.230Z] [INFO] MySQL OK
[2026-04-20T16:37:42.304Z] [DB] Q | {"sql":"SELECT COUNT(*) as c FROM players","rows":1,"ms":73}
[2026-04-20T16:37:42.393Z] [DB] Q | {"sql":"SELECT COUNT(*) as c FROM teams","rows":1,"ms":87}
[2026-04-20T16:37:42.506Z] [DB] Q | {"sql":"SELECT COUNT(*) as c FROM games","rows":1,"ms":111}
[2026-04-20T16:37:42.507Z] [INFO] DB | {"players":91,"teams":1,"games":5}
[2026-04-20T16:37:42.523Z] [WARN] Notification guard ACTIVE — outgoing Telegram messages are suppressed | {"bot":"api-bot","allow_admins":false}
[2026-04-20T16:37:42.852Z] [INFO] Keep-warm started | {"healthUrl":"https://airsoft-app.onrender.com/api/health","intervalMs":300000}
[2026-04-20T16:37:42.871Z] [INFO] Bot running!
[2026-04-20T16:37:42.872Z] [INFO] Express server on port 1488
[2026-04-20T16:37:42.873Z] [INFO] Mini App URL: http://localhost:1488
[2026-04-20T16:37:53.691Z] [WARN] Notification guard ACTIVE — outgoing Telegram messages are suppressed | {"bot":"main-bot","allow_admins":false}
[2026-04-20T16:37:53.701Z] [INFO] =============================
[2026-04-20T16:37:53.702Z] [INFO]   AIRSOFT CLUB BOT + APP v2  
[2026-04-20T16:37:53.702Z] [INFO] =============================
[2026-04-20T16:37:53.704Z] [INFO] Connecting MySQL... | {"host":"s5.thehost.com.ua","database":"airsoft_test_db"}
[2026-04-20T16:37:53.989Z] [INFO] MySQL OK
[2026-04-20T16:37:54.083Z] [DB] Q | {"sql":"SELECT COUNT(*) as c FROM players","rows":1,"ms":92}
[2026-04-20T16:37:54.172Z] [DB] Q | {"sql":"SELECT COUNT(*) as c FROM teams","rows":1,"ms":88}
[2026-04-20T16:37:54.268Z] [DB] Q | {"sql":"SELECT COUNT(*) as c FROM games","rows":1,"ms":94}
[2026-04-20T16:37:54.268Z] [INFO] DB | {"players":91,"teams":1,"games":5}
[2026-04-20T16:37:54.282Z] [WARN] Notification guard ACTIVE — outgoing Telegram messages are suppressed | {"bot":"api-bot","allow_admins":false}
[2026-04-20T16:37:54.626Z] [INFO] Keep-warm started | {"healthUrl":"https://airsoft-app.onrender.com/api/health","intervalMs":300000}
[2026-04-20T16:37:54.645Z] [INFO] Bot running!
[2026-04-20T16:37:54.646Z] [INFO] Express server on port 1488
[2026-04-20T16:37:54.647Z] [INFO] Mini App URL: http://localhost:1488
[2026-04-20T16:38:06.765Z] [WARN] Notification guard ACTIVE — outgoing Telegram messages are suppressed | {"bot":"main-bot","allow_admins":false}
[2026-04-20T16:38:06.775Z] [INFO] =============================
[2026-04-20T16:38:06.776Z] [INFO]   AIRSOFT CLUB BOT + APP v2  
[2026-04-20T16:38:06.776Z] [INFO] =============================
[2026-04-20T16:38:06.777Z] [INFO] Connecting MySQL... | {"host":"s5.thehost.com.ua","database":"airsoft_test_db"}
[2026-04-20T16:38:07.029Z] [INFO] MySQL OK
[2026-04-20T16:38:07.103Z] [DB] Q | {"sql":"SELECT COUNT(*) as c FROM players","rows":1,"ms":73}
[2026-04-20T16:38:07.196Z] [DB] Q | {"sql":"SELECT COUNT(*) as c FROM teams","rows":1,"ms":93}
[2026-04-20T16:38:07.288Z] [DB] Q | {"sql":"SELECT COUNT(*) as c FROM games","rows":1,"ms":91}
[2026-04-20T16:38:07.290Z] [INFO] DB | {"players":91,"teams":1,"games":5}
[2026-04-20T16:38:07.302Z] [WARN] Notification guard ACTIVE — outgoing Telegram messages are suppressed | {"bot":"api-bot","allow_admins":false}
[2026-04-20T16:38:07.660Z] [INFO] Keep-warm started | {"healthUrl":"https://airsoft-app.onrender.com/api/health","intervalMs":300000}
[2026-04-20T16:38:07.681Z] [INFO] Bot running!
[2026-04-20T16:38:07.682Z] [INFO] Express server on port 1488
[2026-04-20T16:38:07.683Z] [INFO] Mini App URL: http://localhost:1488
[2026-04-20T16:38:22.968Z] [WARN] Notification guard ACTIVE — outgoing Telegram messages are suppressed | {"bot":"main-bot","allow_admins":false}
[2026-04-20T16:38:22.979Z] [INFO] =============================
[2026-04-20T16:38:22.980Z] [INFO]   AIRSOFT CLUB BOT + APP v2  
[2026-04-20T16:38:22.981Z] [INFO] =============================
[2026-04-20T16:38:22.982Z] [INFO] Connecting MySQL... | {"host":"s5.thehost.com.ua","database":"airsoft_test_db"}
[2026-04-20T16:38:23.344Z] [INFO] MySQL OK
[2026-04-20T16:38:23.452Z] [DB] Q | {"sql":"SELECT COUNT(*) as c FROM players","rows":1,"ms":107}
[2026-04-20T16:38:23.541Z] [DB] Q | {"sql":"SELECT COUNT(*) as c FROM teams","rows":1,"ms":88}
[2026-04-20T16:38:23.642Z] [DB] Q | {"sql":"SELECT COUNT(*) as c FROM games","rows":1,"ms":100}
[2026-04-20T16:38:23.643Z] [INFO] DB | {"players":91,"teams":1,"games":5}
[2026-04-20T16:38:23.654Z] [WARN] Notification guard ACTIVE — outgoing Telegram messages are suppressed | {"bot":"api-bot","allow_admins":false}
[2026-04-20T16:38:24.029Z] [INFO] Keep-warm started | {"healthUrl":"https://airsoft-app.onrender.com/api/health","intervalMs":300000}
[2026-04-20T16:38:24.052Z] [INFO] Bot running!
[2026-04-20T16:38:24.053Z] [INFO] Express server on port 1488
[2026-04-20T16:38:24.054Z] [INFO] Mini App URL: http://localhost:1488
[2026-04-20T16:38:39.236Z] [WARN] Notification guard ACTIVE — outgoing Telegram messages are suppressed | {"bot":"main-bot","allow_admins":false}
[2026-04-20T16:38:39.249Z] [INFO] =============================
[2026-04-20T16:38:39.250Z] [INFO]   AIRSOFT CLUB BOT + APP v2  
[2026-04-20T16:38:39.251Z] [INFO] =============================
[2026-04-20T16:38:39.251Z] [INFO] Connecting MySQL... | {"host":"s5.thehost.com.ua","database":"airsoft_test_db"}
[2026-04-20T16:38:39.524Z] [INFO] MySQL OK
[2026-04-20T16:38:39.605Z] [DB] Q | {"sql":"SELECT COUNT(*) as c FROM players","rows":1,"ms":81}
[2026-04-20T16:38:39.737Z] [DB] Q | {"sql":"SELECT COUNT(*) as c FROM teams","rows":1,"ms":130}
[2026-04-20T16:38:39.877Z] [DB] Q | {"sql":"SELECT COUNT(*) as c FROM games","rows":1,"ms":140}
[2026-04-20T16:38:39.878Z] [INFO] DB | {"players":91,"teams":1,"games":5}
[2026-04-20T16:38:39.892Z] [WARN] Notification guard ACTIVE — outgoing Telegram messages are suppressed | {"bot":"api-bot","allow_admins":false}
[2026-04-20T16:38:40.299Z] [INFO] Keep-warm started | {"healthUrl":"https://airsoft-app.onrender.com/api/health","intervalMs":300000}
[2026-04-20T16:38:40.323Z] [INFO] Bot running!
[2026-04-20T16:38:40.325Z] [INFO] Express server on port 1488
[2026-04-20T16:38:40.326Z] [INFO] Mini App URL: http://localhost:1488
[2026-04-20T16:38:50.081Z] [WARN] Notification guard ACTIVE — outgoing Telegram messages are suppressed | {"bot":"main-bot","allow_admins":false}
[2026-04-20T16:38:50.098Z] [INFO] =============================
[2026-04-20T16:38:50.099Z] [INFO]   AIRSOFT CLUB BOT + APP v2  
[2026-04-20T16:38:50.099Z] [INFO] =============================
[2026-04-20T16:38:50.101Z] [INFO] Connecting MySQL... | {"host":"s5.thehost.com.ua","database":"airsoft_test_db"}
[2026-04-20T16:38:50.353Z] [INFO] MySQL OK
[2026-04-20T16:38:50.437Z] [DB] Q | {"sql":"SELECT COUNT(*) as c FROM players","rows":1,"ms":83}
[2026-04-20T16:38:50.511Z] [DB] Q | {"sql":"SELECT COUNT(*) as c FROM teams","rows":1,"ms":73}
[2026-04-20T16:38:50.647Z] [DB] Q | {"sql":"SELECT COUNT(*) as c FROM games","rows":1,"ms":135}
[2026-04-20T16:38:50.648Z] [INFO] DB | {"players":91,"teams":1,"games":5}
[2026-04-20T16:38:50.660Z] [WARN] Notification guard ACTIVE — outgoing Telegram messages are suppressed | {"bot":"api-bot","allow_admins":false}
[2026-04-20T16:38:51.020Z] [INFO] Keep-warm started | {"healthUrl":"https://airsoft-app.onrender.com/api/health","intervalMs":300000}
[2026-04-20T16:38:51.043Z] [INFO] Bot running!
[2026-04-20T16:38:51.044Z] [INFO] Express server on port 1488
[2026-04-20T16:38:51.045Z] [INFO] Mini App URL: http://localhost:1488
[2026-04-20T16:38:59.044Z] [WARN] Notification guard ACTIVE — outgoing Telegram messages are suppressed | {"bot":"main-bot","allow_admins":false}
[2026-04-20T16:38:59.055Z] [INFO] =============================
[2026-04-20T16:38:59.056Z] [INFO]   AIRSOFT CLUB BOT + APP v2  
[2026-04-20T16:38:59.057Z] [INFO] =============================
[2026-04-20T16:38:59.057Z] [INFO] Connecting MySQL... | {"host":"s5.thehost.com.ua","database":"airsoft_test_db"}
[2026-04-20T16:38:59.414Z] [INFO] MySQL OK
[2026-04-20T16:38:59.504Z] [DB] Q | {"sql":"SELECT COUNT(*) as c FROM players","rows":1,"ms":89}
[2026-04-20T16:38:59.587Z] [DB] Q | {"sql":"SELECT COUNT(*) as c FROM teams","rows":1,"ms":82}
[2026-04-20T16:38:59.673Z] [DB] Q | {"sql":"SELECT COUNT(*) as c FROM games","rows":1,"ms":85}
[2026-04-20T16:38:59.675Z] [INFO] DB | {"players":91,"teams":1,"games":5}
[2026-04-20T16:38:59.690Z] [WARN] Notification guard ACTIVE — outgoing Telegram messages are suppressed | {"bot":"api-bot","allow_admins":false}
[2026-04-20T16:39:00.044Z] [INFO] Keep-warm started | {"healthUrl":"https://airsoft-app.onrender.com/api/health","intervalMs":300000}
[2026-04-20T16:39:00.064Z] [INFO] Bot running!
[2026-04-20T16:39:00.065Z] [INFO] Express server on port 1488
[2026-04-20T16:39:00.066Z] [INFO] Mini App URL: http://localhost:1488
[2026-04-20T16:39:15.583Z] [DEBUG] Keep-warm ping OK | {"status":200}
[2026-04-20T16:39:25.741Z] [WARN] Notification guard ACTIVE — outgoing Telegram messages are suppressed | {"bot":"main-bot","allow_admins":false}
[2026-04-20T16:39:25.756Z] [INFO] =============================
[2026-04-20T16:39:25.757Z] [INFO]   AIRSOFT CLUB BOT + APP v2  
[2026-04-20T16:39:25.758Z] [INFO] =============================
[2026-04-20T16:39:25.759Z] [INFO] Connecting MySQL... | {"host":"s5.thehost.com.ua","database":"airsoft_test_db"}
[2026-04-20T16:39:26.051Z] [INFO] MySQL OK
[2026-04-20T16:39:26.135Z] [DB] Q | {"sql":"SELECT COUNT(*) as c FROM players","rows":1,"ms":83}
[2026-04-20T16:39:26.220Z] [DB] Q | {"sql":"SELECT COUNT(*) as c FROM teams","rows":1,"ms":84}
[2026-04-20T16:39:26.286Z] [DB] Q | {"sql":"SELECT COUNT(*) as c FROM games","rows":1,"ms":66}
[2026-04-20T16:39:26.287Z] [INFO] DB | {"players":91,"teams":1,"games":5}
[2026-04-20T16:39:26.298Z] [WARN] Notification guard ACTIVE — outgoing Telegram messages are suppressed | {"bot":"api-bot","allow_admins":false}
[2026-04-20T16:39:26.637Z] [INFO] Keep-warm started | {"healthUrl":"https://airsoft-app.onrender.com/api/health","intervalMs":300000}
[2026-04-20T16:39:26.656Z] [INFO] Bot running!
[2026-04-20T16:39:26.657Z] [INFO] Express server on port 1488
[2026-04-20T16:39:26.659Z] [INFO] Mini App URL: http://localhost:1488
[2026-04-20T16:39:37.584Z] [WARN] Notification guard ACTIVE — outgoing Telegram messages are suppressed | {"bot":"main-bot","allow_admins":false}
[2026-04-20T16:39:37.594Z] [INFO] =============================
[2026-04-20T16:39:37.594Z] [INFO]   AIRSOFT CLUB BOT + APP v2  
[2026-04-20T16:39:37.595Z] [INFO] =============================
[2026-04-20T16:39:37.596Z] [INFO] Connecting MySQL... | {"host":"s5.thehost.com.ua","database":"airsoft_test_db"}
[2026-04-20T16:39:37.841Z] [INFO] MySQL OK
[2026-04-20T16:39:37.924Z] [DB] Q | {"sql":"SELECT COUNT(*) as c FROM players","rows":1,"ms":83}
[2026-04-20T16:39:37.998Z] [DB] Q | {"sql":"SELECT COUNT(*) as c FROM teams","rows":1,"ms":73}
[2026-04-20T16:39:38.068Z] [DB] Q | {"sql":"SELECT COUNT(*) as c FROM games","rows":1,"ms":69}
[2026-04-20T16:39:38.070Z] [INFO] DB | {"players":91,"teams":1,"games":5}
[2026-04-20T16:39:38.085Z] [WARN] Notification guard ACTIVE — outgoing Telegram messages are suppressed | {"bot":"api-bot","allow_admins":false}
[2026-04-20T16:39:38.419Z] [INFO] Keep-warm started | {"healthUrl":"https://airsoft-app.onrender.com/api/health","intervalMs":300000}
[2026-04-20T16:39:38.443Z] [INFO] Bot running!
[2026-04-20T16:39:38.444Z] [INFO] Express server on port 1488
[2026-04-20T16:39:38.445Z] [INFO] Mini App URL: http://localhost:1488
[2026-04-20T16:39:46.761Z] [WARN] Notification guard ACTIVE — outgoing Telegram messages are suppressed | {"bot":"main-bot","allow_admins":false}
[2026-04-20T16:39:46.770Z] [INFO] =============================
[2026-04-20T16:39:46.770Z] [INFO]   AIRSOFT CLUB BOT + APP v2  
[2026-04-20T16:39:46.771Z] [INFO] =============================
[2026-04-20T16:39:46.772Z] [INFO] Connecting MySQL... | {"host":"s5.thehost.com.ua","database":"airsoft_test_db"}
[2026-04-20T16:39:47.105Z] [INFO] MySQL OK
[2026-04-20T16:39:47.188Z] [DB] Q | {"sql":"SELECT COUNT(*) as c FROM players","rows":1,"ms":83}
[2026-04-20T16:39:47.323Z] [DB] Q | {"sql":"SELECT COUNT(*) as c FROM teams","rows":1,"ms":134}
[2026-04-20T16:39:47.429Z] [DB] Q | {"sql":"SELECT COUNT(*) as c FROM games","rows":1,"ms":106}
[2026-04-20T16:39:47.430Z] [INFO] DB | {"players":91,"teams":1,"games":5}
[2026-04-20T16:39:47.439Z] [WARN] Notification guard ACTIVE — outgoing Telegram messages are suppressed | {"bot":"api-bot","allow_admins":false}
[2026-04-20T16:39:47.835Z] [INFO] Keep-warm started | {"healthUrl":"https://airsoft-app.onrender.com/api/health","intervalMs":300000}
[2026-04-20T16:39:47.869Z] [INFO] Bot running!
[2026-04-20T16:39:47.872Z] [INFO] Express server on port 1488
[2026-04-20T16:39:47.873Z] [INFO] Mini App URL: http://localhost:1488
[2026-04-20T16:39:56.219Z] [DEBUG] API GET /profile | {"body":{}}
[2026-04-20T16:39:56.221Z] [WARN] DEV AUTH BYPASS | {"userId":412606522}
[2026-04-20T16:39:56.374Z] [DB] Q | {"sql":"SELECT * FROM players WHERE telegram_id=?","rows":1,"ms":152}
[2026-04-20T16:39:56.474Z] [DB] Q | {"sql":"SELECT p.*, t.name AS team_name\n       FROM players p LEFT JOIN teams t ON p.team_id = t.id\n       W","rows":1,"ms":98}
[2026-04-20T16:39:56.553Z] [DB] Q | {"sql":"SELECT badge_name, badge_emoji FROM player_badges WHERE player_id = ?","rows":5,"ms":78}
[2026-04-20T16:39:56.962Z] [WARN] Notification guard ACTIVE — outgoing Telegram messages are suppressed | {"bot":"main-bot","allow_admins":false}
[2026-04-20T16:39:56.972Z] [INFO] =============================
[2026-04-20T16:39:56.973Z] [INFO]   AIRSOFT CLUB BOT + APP v2  
[2026-04-20T16:39:56.974Z] [INFO] =============================
[2026-04-20T16:39:56.975Z] [INFO] Connecting MySQL... | {"host":"s5.thehost.com.ua","database":"airsoft_test_db"}
[2026-04-20T16:39:57.224Z] [INFO] MySQL OK
[2026-04-20T16:39:57.312Z] [DB] Q | {"sql":"SELECT COUNT(*) as c FROM players","rows":1,"ms":86}
[2026-04-20T16:39:57.404Z] [DB] Q | {"sql":"SELECT COUNT(*) as c FROM teams","rows":1,"ms":90}
[2026-04-20T16:39:57.521Z] [DB] Q | {"sql":"SELECT COUNT(*) as c FROM games","rows":1,"ms":117}
[2026-04-20T16:39:57.522Z] [INFO] DB | {"players":91,"teams":1,"games":5}
[2026-04-20T16:39:57.534Z] [WARN] Notification guard ACTIVE — outgoing Telegram messages are suppressed | {"bot":"api-bot","allow_admins":false}
[2026-04-20T16:39:57.915Z] [INFO] Keep-warm started | {"healthUrl":"https://airsoft-app.onrender.com/api/health","intervalMs":300000}
[2026-04-20T16:39:57.936Z] [INFO] Bot running!
[2026-04-20T16:39:57.937Z] [INFO] Express server on port 1488
[2026-04-20T16:39:57.938Z] [INFO] Mini App URL: http://localhost:1488
[2026-04-20T16:39:58.749Z] [DEBUG] API GET /profile | {"body":{}}
[2026-04-20T16:39:58.751Z] [WARN] DEV AUTH BYPASS | {"userId":412606522}
[2026-04-20T16:39:58.838Z] [DB] Q | {"sql":"SELECT * FROM players WHERE telegram_id=?","rows":1,"ms":85}
[2026-04-20T16:39:58.954Z] [DB] Q | {"sql":"SELECT p.*, t.name AS team_name\n       FROM players p LEFT JOIN teams t ON p.team_id = t.id\n       W","rows":1,"ms":115}
[2026-04-20T16:39:59.105Z] [DB] Q | {"sql":"SELECT badge_name, badge_emoji FROM player_badges WHERE player_id = ?","rows":5,"ms":150}
[2026-04-20T16:39:59.274Z] [DB] Q | {"sql":"SELECT g.id, g.date, g.time, g.game_mode, g.status, gp.result, gp.kills_total, gp.deaths_total\n     ","rows":5,"ms":167}
[2026-04-20T16:39:59.604Z] [DB] Q | {"sql":"SELECT winner_game_team, COUNT(*) AS wins\n         FROM rounds\n         WHERE game_id=? AND status='","rows":1,"ms":328}
[2026-04-20T16:39:59.661Z] [DB] Q | {"sql":"SELECT winner_game_team, COUNT(*) AS wins\n         FROM rounds\n         WHERE game_id=? AND status='","rows":2,"ms":55}
[2026-04-20T16:39:59.716Z] [DB] Q | {"sql":"SELECT winner_game_team, COUNT(*) AS wins\n         FROM rounds\n         WHERE game_id=? AND status='","rows":2,"ms":53}
[2026-04-20T16:39:59.772Z] [DB] Q | {"sql":"SELECT winner_game_team, COUNT(*) AS wins\n         FROM rounds\n         WHERE game_id=? AND status='","rows":2,"ms":55}
[2026-04-20T16:39:59.820Z] [DB] Q | {"sql":"SELECT winner_game_team, COUNT(*) AS wins\n         FROM rounds\n         WHERE game_id=? AND status='","rows":2,"ms":45}
[2026-04-20T16:40:00.178Z] [DB] Q | {"sql":"SELECT COUNT(*) AS c\n       FROM round_players rp\n       JOIN rounds r ON r.id = rp.round_id\n       ","rows":1,"ms":357}
[2026-04-20T16:40:00.498Z] [DB] Q | {"sql":"SELECT COUNT(*) AS c\n       FROM round_players rp\n       JOIN rounds r ON r.id = rp.round_id\n       ","rows":1,"ms":318}
[2026-04-20T16:40:00.849Z] [DB] Q | {"sql":"SELECT p.id, p.nickname, p.callsign, p.rating\n       FROM friends f\n       JOIN players p ON p.id = ","rows":2,"ms":349}
[2026-04-20T16:40:00.851Z] [INFO] Profile API | {"tgId":412606522,"isAdmin":true,"admins":[412606522]}
[2026-04-20T16:40:00.865Z] [DEBUG] API GET /profile | {"body":{}}
[2026-04-20T16:40:00.866Z] [WARN] DEV AUTH BYPASS | {"userId":412606522}
[2026-04-20T16:40:00.923Z] [DB] Q | {"sql":"SELECT * FROM players WHERE telegram_id=?","rows":1,"ms":55}
[2026-04-20T16:40:00.973Z] [DB] Q | {"sql":"SELECT p.*, t.name AS team_name\n       FROM players p LEFT JOIN teams t ON p.team_id = t.id\n       W","rows":1,"ms":47}
[2026-04-20T16:40:01.029Z] [DB] Q | {"sql":"SELECT badge_name, badge_emoji FROM player_badges WHERE player_id = ?","rows":5,"ms":53}
[2026-04-20T16:40:01.074Z] [DB] Q | {"sql":"SELECT g.id, g.date, g.time, g.game_mode, g.status, gp.result, gp.kills_total, gp.deaths_total\n     ","rows":5,"ms":43}
[2026-04-20T16:40:01.113Z] [DB] Q | {"sql":"SELECT winner_game_team, COUNT(*) AS wins\n         FROM rounds\n         WHERE game_id=? AND status='","rows":1,"ms":38}
[2026-04-20T16:40:01.168Z] [DB] Q | {"sql":"SELECT winner_game_team, COUNT(*) AS wins\n         FROM rounds\n         WHERE game_id=? AND status='","rows":2,"ms":53}
[2026-04-20T16:40:01.204Z] [DB] Q | {"sql":"SELECT winner_game_team, COUNT(*) AS wins\n         FROM rounds\n         WHERE game_id=? AND status='","rows":2,"ms":35}
[2026-04-20T16:40:01.268Z] [DB] Q | {"sql":"SELECT winner_game_team, COUNT(*) AS wins\n         FROM rounds\n         WHERE game_id=? AND status='","rows":2,"ms":62}
[2026-04-20T16:40:01.314Z] [DB] Q | {"sql":"SELECT winner_game_team, COUNT(*) AS wins\n         FROM rounds\n         WHERE game_id=? AND status='","rows":2,"ms":44}
[2026-04-20T16:40:01.348Z] [DB] Q | {"sql":"SELECT COUNT(*) AS c\n       FROM round_players rp\n       JOIN rounds r ON r.id = rp.round_id\n       ","rows":1,"ms":33}
[2026-04-20T16:40:01.393Z] [DB] Q | {"sql":"SELECT COUNT(*) AS c\n       FROM round_players rp\n       JOIN rounds r ON r.id = rp.round_id\n       ","rows":1,"ms":43}
[2026-04-20T16:40:01.437Z] [DB] Q | {"sql":"SELECT p.id, p.nickname, p.callsign, p.rating\n       FROM friends f\n       JOIN players p ON p.id = ","rows":2,"ms":43}
[2026-04-20T16:40:01.439Z] [INFO] Profile API | {"tgId":412606522,"isAdmin":true,"admins":[412606522]}
[2026-04-20T16:40:12.546Z] [DEBUG] API GET /profile | {"body":{}}
[2026-04-20T16:40:12.547Z] [WARN] DEV AUTH BYPASS | {"userId":412606522}
[2026-04-20T16:40:12.710Z] [DB] Q | {"sql":"SELECT * FROM players WHERE telegram_id=?","rows":1,"ms":161}
[2026-04-20T16:40:12.858Z] [DB] Q | {"sql":"SELECT p.*, t.name AS team_name\n       FROM players p LEFT JOIN teams t ON p.team_id = t.id\n       W","rows":1,"ms":148}
[2026-04-20T16:40:13.004Z] [DB] Q | {"sql":"SELECT badge_name, badge_emoji FROM player_badges WHERE player_id = ?","rows":5,"ms":146}
[2026-04-20T16:40:13.143Z] [DB] Q | {"sql":"SELECT g.id, g.date, g.time, g.game_mode, g.status, gp.result, gp.kills_total, gp.deaths_total\n     ","rows":5,"ms":138}
[2026-04-20T16:40:13.334Z] [DB] Q | {"sql":"SELECT winner_game_team, COUNT(*) AS wins\n         FROM rounds\n         WHERE game_id=? AND status='","rows":1,"ms":190}
[2026-04-20T16:40:13.570Z] [DEBUG] Keep-warm ping OK | {"status":200}
[2026-04-20T16:40:14.172Z] [DB] Q | {"sql":"SELECT winner_game_team, COUNT(*) AS wins\n         FROM rounds\n         WHERE game_id=? AND status='","rows":2,"ms":837}
[2026-04-20T16:40:14.609Z] [DB] Q | {"sql":"SELECT winner_game_team, COUNT(*) AS wins\n         FROM rounds\n         WHERE game_id=? AND status='","rows":2,"ms":435}
[2026-04-20T16:40:14.796Z] [DB] Q | {"sql":"SELECT winner_game_team, COUNT(*) AS wins\n         FROM rounds\n         WHERE game_id=? AND status='","rows":2,"ms":187}
[2026-04-20T16:40:14.850Z] [DB] Q | {"sql":"SELECT winner_game_team, COUNT(*) AS wins\n         FROM rounds\n         WHERE game_id=? AND status='","rows":2,"ms":53}
[2026-04-20T16:40:14.918Z] [DB] Q | {"sql":"SELECT COUNT(*) AS c\n       FROM round_players rp\n       JOIN rounds r ON r.id = rp.round_id\n       ","rows":1,"ms":67}
[2026-04-20T16:40:14.971Z] [DB] Q | {"sql":"SELECT COUNT(*) AS c\n       FROM round_players rp\n       JOIN rounds r ON r.id = rp.round_id\n       ","rows":1,"ms":51}
[2026-04-20T16:40:15.019Z] [DB] Q | {"sql":"SELECT p.id, p.nickname, p.callsign, p.rating\n       FROM friends f\n       JOIN players p ON p.id = ","rows":2,"ms":47}
[2026-04-20T16:40:15.020Z] [INFO] Profile API | {"tgId":412606522,"isAdmin":true,"admins":[412606522]}
[2026-04-20T16:40:15.028Z] [DEBUG] API GET /profile | {"body":{}}
[2026-04-20T16:40:15.029Z] [WARN] DEV AUTH BYPASS | {"userId":412606522}
[2026-04-20T16:40:15.057Z] [DEBUG] API GET /friends | {"body":{}}
[2026-04-20T16:40:15.058Z] [WARN] DEV AUTH BYPASS | {"userId":412606522}
[2026-04-20T16:40:15.061Z] [DEBUG] API GET /loot/state | {"body":{}}
[2026-04-20T16:40:15.062Z] [WARN] DEV AUTH BYPASS | {"userId":412606522}
[2026-04-20T16:40:15.065Z] [DEBUG] API GET /survey/status | {"body":{}}
[2026-04-20T16:40:15.065Z] [WARN] DEV AUTH BYPASS | {"userId":412606522}
[2026-04-20T16:40:15.079Z] [DB] Q | {"sql":"SELECT * FROM players WHERE telegram_id=?","rows":1,"ms":50}
[2026-04-20T16:40:15.197Z] [DB] Q | {"sql":"SELECT p.*, t.name AS team_name\n       FROM players p LEFT JOIN teams t ON p.team_id = t.id\n       W","rows":1,"ms":116}
[2026-04-20T16:40:15.510Z] [DB] Q | {"sql":"SELECT badge_name, badge_emoji FROM player_badges WHERE player_id = ?","rows":5,"ms":311}
[2026-04-20T16:40:15.573Z] [DB] Q | {"sql":"SELECT g.id, g.date, g.time, g.game_mode, g.status, gp.result, gp.kills_total, gp.deaths_total\n     ","rows":5,"ms":62}
[2026-04-20T16:40:15.608Z] [DB] Q | {"sql":"SELECT winner_game_team, COUNT(*) AS wins\n         FROM rounds\n         WHERE game_id=? AND status='","rows":1,"ms":33}
[2026-04-20T16:40:15.622Z] [DB] Q | {"sql":"SELECT * FROM players WHERE telegram_id=?","rows":1,"ms":563}
[2026-04-20T16:40:15.624Z] [DB] Q | {"sql":"SELECT * FROM players WHERE telegram_id=?","rows":1,"ms":562}
[2026-04-20T16:40:15.627Z] [DB] Q | {"sql":"SELECT * FROM players WHERE telegram_id=?","rows":1,"ms":561}
[2026-04-20T16:40:15.644Z] [DB] Q | {"sql":"SELECT winner_game_team, COUNT(*) AS wins\n         FROM rounds\n         WHERE game_id=? AND status='","rows":2,"ms":36}
[2026-04-20T16:40:15.667Z] [DB] Q | {"sql":"SELECT * FROM players WHERE telegram_id=?","rows":1,"ms":41}
[2026-04-20T16:40:15.678Z] [DB] Q | {"sql":"SELECT winner_game_team, COUNT(*) AS wins\n         FROM rounds\n         WHERE game_id=? AND status='","rows":2,"ms":34}
[2026-04-20T16:40:15.704Z] [DB] Q | {"sql":"SELECT id FROM players WHERE telegram_id = ?","rows":1,"ms":80}
[2026-04-20T16:40:15.733Z] [DB] Q | {"sql":"SELECT winner_game_team, COUNT(*) AS wins\n         FROM rounds\n         WHERE game_id=? AND status='","rows":2,"ms":54}
[2026-04-20T16:40:15.738Z] [DB] Q | {"sql":"SELECT id, created_at\n       FROM player_feedback_surveys\n       WHERE player_id=? AND survey_key=?\n","rows":0,"ms":109}
[2026-04-20T16:40:15.778Z] [DB] Q | {"sql":"SELECT winner_game_team, COUNT(*) AS wins\n         FROM rounds\n         WHERE game_id=? AND status='","rows":2,"ms":44}
[2026-04-20T16:40:15.784Z] [DB] Q | {"sql":"SELECT rating FROM players WHERE id=?","rows":1,"ms":116}
[2026-04-20T16:40:15.858Z] [DB] Q | {"sql":"SELECT COUNT(*) AS c\n       FROM round_players rp\n       JOIN rounds r ON r.id = rp.round_id\n       ","rows":1,"ms":78}
[2026-04-20T16:40:15.863Z] [DB] Q | {"sql":"SELECT p.id, p.nickname, p.callsign, p.rating\n       FROM friends f\n       JOIN players p ON p.id = ","rows":2,"ms":159}
[2026-04-20T16:40:15.901Z] [DB] Q | {"sql":"SELECT COUNT(*) AS c\n       FROM round_players rp\n       JOIN rounds r ON r.id = rp.round_id\n       ","rows":1,"ms":43}
[2026-04-20T16:40:15.939Z] [DB] Q | {"sql":"SELECT * FROM player_spins WHERE player_id=?","rows":1,"ms":154}
[2026-04-20T16:40:15.952Z] [DB] Q | {"sql":"SELECT p.id, p.nickname, p.callsign, p.rating\n       FROM friends f\n       JOIN players p ON p.id = ","rows":2,"ms":50}
[2026-04-20T16:40:15.953Z] [INFO] Profile API | {"tgId":412606522,"isAdmin":true,"admins":[412606522]}
[2026-04-20T16:40:15.975Z] [DB] Q | {"sql":"SELECT f.id, p.nickname, p.callsign, p.rating\n       FROM friends f\n       JOIN players p ON p.id = ","rows":0,"ms":111}
[2026-04-20T16:40:15.983Z] [DEBUG] API GET /friends | {"body":{}}
[2026-04-20T16:40:15.984Z] [WARN] DEV AUTH BYPASS | {"userId":412606522}
[2026-04-20T16:40:15.993Z] [ERROR] Q fail | {"sql":"SELECT id, reward_key, rarity, image_url, status, source, game_id, created_at FROM player_loot_rewar","error":"Unknown column 'game_id' in 'field list'"}
[2026-04-20T16:40:15.994Z] [ERROR] Loot state error | {"error":"Unknown column 'game_id' in 'field list'"}
[2026-04-20T16:40:16.001Z] [DEBUG] API GET /loot/state | {"body":{}}
[2026-04-20T16:40:16.002Z] [WARN] DEV AUTH BYPASS | {"userId":412606522}
[2026-04-20T16:40:16.032Z] [DB] Q | {"sql":"SELECT * FROM players WHERE telegram_id=?","rows":1,"ms":47}
[2026-04-20T16:40:16.053Z] [DB] Q | {"sql":"SELECT * FROM players WHERE telegram_id=?","rows":1,"ms":49}
[2026-04-20T16:40:16.094Z] [DB] Q | {"sql":"SELECT id FROM players WHERE telegram_id = ?","rows":1,"ms":60}
[2026-04-20T16:40:16.099Z] [DB] Q | {"sql":"SELECT * FROM players WHERE telegram_id=?","rows":1,"ms":45}
[2026-04-20T16:40:16.143Z] [DB] Q | {"sql":"SELECT p.id, p.nickname, p.callsign, p.rating\n       FROM friends f\n       JOIN players p ON p.id = ","rows":2,"ms":49}
[2026-04-20T16:40:16.148Z] [DB] Q | {"sql":"SELECT rating FROM players WHERE id=?","rows":1,"ms":48}
[2026-04-20T16:40:16.185Z] [DB] Q | {"sql":"SELECT f.id, p.nickname, p.callsign, p.rating\n       FROM friends f\n       JOIN players p ON p.id = ","rows":0,"ms":40}
[2026-04-20T16:40:16.198Z] [DB] Q | {"sql":"SELECT * FROM player_spins WHERE player_id=?","rows":1,"ms":49}
[2026-04-20T16:40:16.249Z] [ERROR] Q fail | {"sql":"SELECT id, reward_key, rarity, image_url, status, source, game_id, created_at FROM player_loot_rewar","error":"Unknown column 'game_id' in 'field list'"}
[2026-04-20T16:40:16.250Z] [ERROR] Loot state error | {"error":"Unknown column 'game_id' in 'field list'"}
[2026-04-20T16:40:18.594Z] [DEBUG] API GET /friends | {"body":{}}
[2026-04-20T16:40:18.595Z] [WARN] DEV AUTH BYPASS | {"userId":412606522}
[2026-04-20T16:40:18.597Z] [DEBUG] API GET /loot/state | {"body":{}}
[2026-04-20T16:40:18.598Z] [WARN] DEV AUTH BYPASS | {"userId":412606522}
[2026-04-20T16:40:18.656Z] [DB] Q | {"sql":"SELECT * FROM players WHERE telegram_id=?","rows":1,"ms":59}
[2026-04-20T16:40:18.657Z] [DB] Q | {"sql":"SELECT * FROM players WHERE telegram_id=?","rows":1,"ms":58}
[2026-04-20T16:40:18.698Z] [DB] Q | {"sql":"SELECT * FROM players WHERE telegram_id=?","rows":1,"ms":41}
[2026-04-20T16:40:18.739Z] [DB] Q | {"sql":"SELECT id FROM players WHERE telegram_id = ?","rows":1,"ms":83}
[2026-04-20T16:40:18.789Z] [DB] Q | {"sql":"SELECT rating FROM players WHERE id=?","rows":1,"ms":91}
[2026-04-20T16:40:18.847Z] [DB] Q | {"sql":"SELECT p.id, p.nickname, p.callsign, p.rating\n       FROM friends f\n       JOIN players p ON p.id = ","rows":2,"ms":108}
[2026-04-20T16:40:18.882Z] [DB] Q | {"sql":"SELECT * FROM player_spins WHERE player_id=?","rows":1,"ms":92}
[2026-04-20T16:40:18.938Z] [ERROR] Q fail | {"sql":"SELECT id, reward_key, rarity, image_url, status, source, game_id, created_at FROM player_loot_rewar","error":"Unknown column 'game_id' in 'field list'"}
[2026-04-20T16:40:18.939Z] [ERROR] Loot state error | {"error":"Unknown column 'game_id' in 'field list'"}
[2026-04-20T16:40:18.942Z] [DB] Q | {"sql":"SELECT f.id, p.nickname, p.callsign, p.rating\n       FROM friends f\n       JOIN players p ON p.id = ","rows":0,"ms":94}
[2026-04-20T16:40:18.948Z] [DEBUG] API GET /loot/state | {"body":{}}
[2026-04-20T16:40:18.949Z] [WARN] DEV AUTH BYPASS | {"userId":412606522}
[2026-04-20T16:40:18.950Z] [DEBUG] API GET /friends | {"body":{}}
[2026-04-20T16:40:18.951Z] [WARN] DEV AUTH BYPASS | {"userId":412606522}
[2026-04-20T16:40:19.012Z] [DB] Q | {"sql":"SELECT * FROM players WHERE telegram_id=?","rows":1,"ms":63}
[2026-04-20T16:40:19.037Z] [DB] Q | {"sql":"SELECT * FROM players WHERE telegram_id=?","rows":1,"ms":85}
[2026-04-20T16:40:19.066Z] [DB] Q | {"sql":"SELECT * FROM players WHERE telegram_id=?","rows":1,"ms":53}
[2026-04-20T16:40:19.092Z] [DB] Q | {"sql":"SELECT id FROM players WHERE telegram_id = ?","rows":1,"ms":54}
[2026-04-20T16:40:19.112Z] [DB] Q | {"sql":"SELECT rating FROM players WHERE id=?","rows":1,"ms":45}
[2026-04-20T16:40:19.142Z] [DB] Q | {"sql":"SELECT p.id, p.nickname, p.callsign, p.rating\n       FROM friends f\n       JOIN players p ON p.id = ","rows":2,"ms":49}
[2026-04-20T16:40:19.157Z] [DB] Q | {"sql":"SELECT * FROM player_spins WHERE player_id=?","rows":1,"ms":43}
[2026-04-20T16:40:19.183Z] [DB] Q | {"sql":"SELECT f.id, p.nickname, p.callsign, p.rating\n       FROM friends f\n       JOIN players p ON p.id = ","rows":0,"ms":40}
[2026-04-20T16:40:19.224Z] [ERROR] Q fail | {"sql":"SELECT id, reward_key, rarity, image_url, status, source, game_id, created_at FROM player_loot_rewar","error":"Unknown column 'game_id' in 'field list'"}
[2026-04-20T16:40:19.225Z] [ERROR] Loot state error | {"error":"Unknown column 'game_id' in 'field list'"}
[2026-04-20T16:40:35.385Z] [DEBUG] API GET /friends | {"body":{}}
[2026-04-20T16:40:35.386Z] [WARN] DEV AUTH BYPASS | {"userId":412606522}
[2026-04-20T16:40:35.388Z] [DEBUG] API GET /loot/state | {"body":{}}
[2026-04-20T16:40:35.389Z] [WARN] DEV AUTH BYPASS | {"userId":412606522}
[2026-04-20T16:40:35.449Z] [DB] Q | {"sql":"SELECT * FROM players WHERE telegram_id=?","rows":1,"ms":59}
[2026-04-20T16:40:35.459Z] [DB] Q | {"sql":"SELECT * FROM players WHERE telegram_id=?","rows":1,"ms":73}
[2026-04-20T16:40:35.489Z] [DB] Q | {"sql":"SELECT * FROM players WHERE telegram_id=?","rows":1,"ms":40}
[2026-04-20T16:40:35.509Z] [DB] Q | {"sql":"SELECT id FROM players WHERE telegram_id = ?","rows":1,"ms":48}
[2026-04-20T16:40:35.546Z] [DB] Q | {"sql":"SELECT rating FROM players WHERE id=?","rows":1,"ms":46}
[2026-04-20T16:40:35.547Z] [DB] Q | {"sql":"SELECT p.id, p.nickname, p.callsign, p.rating\n       FROM friends f\n       JOIN players p ON p.id = ","rows":2,"ms":38}
[2026-04-20T16:40:35.592Z] [DB] Q | {"sql":"SELECT f.id, p.nickname, p.callsign, p.rating\n       FROM friends f\n       JOIN players p ON p.id = ","rows":0,"ms":45}
[2026-04-20T16:40:35.593Z] [DB] Q | {"sql":"SELECT * FROM player_spins WHERE player_id=?","rows":1,"ms":47}
[2026-04-20T16:40:35.640Z] [ERROR] Q fail | {"sql":"SELECT id, reward_key, rarity, image_url, status, source, game_id, created_at FROM player_loot_rewar","error":"Unknown column 'game_id' in 'field list'"}
[2026-04-20T16:40:35.641Z] [ERROR] Loot state error | {"error":"Unknown column 'game_id' in 'field list'"}
[2026-04-20T16:40:47.150Z] [DEBUG] API GET /friends | {"body":{}}
[2026-04-20T16:40:47.151Z] [WARN] DEV AUTH BYPASS | {"userId":412606522}
[2026-04-20T16:40:47.152Z] [DEBUG] API GET /loot/state | {"body":{}}
[2026-04-20T16:40:47.152Z] [WARN] DEV AUTH BYPASS | {"userId":412606522}
[2026-04-20T16:40:47.223Z] [DB] Q | {"sql":"SELECT * FROM players WHERE telegram_id=?","rows":1,"ms":69}
[2026-04-20T16:40:47.224Z] [DB] Q | {"sql":"SELECT * FROM players WHERE telegram_id=?","rows":1,"ms":73}
[2026-04-20T16:40:47.262Z] [DB] Q | {"sql":"SELECT * FROM players WHERE telegram_id=?","rows":1,"ms":39}
[2026-04-20T16:40:47.273Z] [DB] Q | {"sql":"SELECT id FROM players WHERE telegram_id = ?","rows":1,"ms":48}
[2026-04-20T16:40:47.302Z] [DB] Q | {"sql":"SELECT rating FROM players WHERE id=?","rows":1,"ms":39}
[2026-04-20T16:40:47.313Z] [DB] Q | {"sql":"SELECT p.id, p.nickname, p.callsign, p.rating\n       FROM friends f\n       JOIN players p ON p.id = ","rows":2,"ms":40}
[2026-04-20T16:40:47.343Z] [DB] Q | {"sql":"SELECT * FROM player_spins WHERE player_id=?","rows":1,"ms":40}
[2026-04-20T16:40:47.353Z] [DB] Q | {"sql":"SELECT f.id, p.nickname, p.callsign, p.rating\n       FROM friends f\n       JOIN players p ON p.id = ","rows":0,"ms":38}
[2026-04-20T16:40:47.402Z] [ERROR] Q fail | {"sql":"SELECT id, reward_key, rarity, image_url, status, source, game_id, created_at FROM player_loot_rewar","error":"Unknown column 'game_id' in 'field list'"}
[2026-04-20T16:40:47.403Z] [ERROR] Loot state error | {"error":"Unknown column 'game_id' in 'field list'"}
[2026-04-20T16:41:09.561Z] [DEBUG] API GET /friends | {"body":{}}
[2026-04-20T16:41:09.562Z] [WARN] DEV AUTH BYPASS | {"userId":412606522}
[2026-04-20T16:41:09.562Z] [DEBUG] API GET /loot/state | {"body":{}}
[2026-04-20T16:41:09.563Z] [WARN] DEV AUTH BYPASS | {"userId":412606522}
[2026-04-20T16:41:09.610Z] [DB] Q | {"sql":"SELECT * FROM players WHERE telegram_id=?","rows":1,"ms":48}
[2026-04-20T16:41:09.611Z] [DB] Q | {"sql":"SELECT * FROM players WHERE telegram_id=?","rows":1,"ms":47}
[2026-04-20T16:41:09.644Z] [DB] Q | {"sql":"SELECT id FROM players WHERE telegram_id = ?","rows":1,"ms":33}
[2026-04-20T16:41:09.651Z] [DB] Q | {"sql":"SELECT * FROM players WHERE telegram_id=?","rows":1,"ms":39}
[2026-04-20T16:41:09.680Z] [DB] Q | {"sql":"SELECT p.id, p.nickname, p.callsign, p.rating\n       FROM friends f\n       JOIN players p ON p.id = ","rows":2,"ms":36}
[2026-04-20T16:41:09.709Z] [DB] Q | {"sql":"SELECT rating FROM players WHERE id=?","rows":1,"ms":58}
[2026-04-20T16:41:09.714Z] [DB] Q | {"sql":"SELECT f.id, p.nickname, p.callsign, p.rating\n       FROM friends f\n       JOIN players p ON p.id = ","rows":0,"ms":32}
[2026-04-20T16:41:09.744Z] [DB] Q | {"sql":"SELECT * FROM player_spins WHERE player_id=?","rows":1,"ms":34}
[2026-04-20T16:41:09.790Z] [ERROR] Q fail | {"sql":"SELECT id, reward_key, rarity, image_url, status, source, game_id, created_at FROM player_loot_rewar","error":"Unknown column 'game_id' in 'field list'"}
[2026-04-20T16:41:09.791Z] [ERROR] Loot state error | {"error":"Unknown column 'game_id' in 'field list'"}
[2026-04-20T16:43:28.517Z] [WARN] Notification guard ACTIVE — outgoing Telegram messages are suppressed | {"bot":"main-bot","allow_admins":false}
[2026-04-20T16:43:28.537Z] [INFO] =============================
[2026-04-20T16:43:28.538Z] [INFO]   AIRSOFT CLUB BOT + APP v2  
[2026-04-20T16:43:28.539Z] [INFO] =============================
[2026-04-20T16:43:28.540Z] [INFO] Connecting MySQL... | {"host":"s5.thehost.com.ua","database":"airsoft_test_db"}
[2026-04-20T16:43:30.116Z] [INFO] MySQL OK
[2026-04-20T16:43:30.190Z] [DB] Q | {"sql":"SELECT COUNT(*) as c FROM players","rows":1,"ms":73}
[2026-04-20T16:43:30.274Z] [DB] Q | {"sql":"SELECT COUNT(*) as c FROM teams","rows":1,"ms":84}
[2026-04-20T16:43:30.365Z] [DB] Q | {"sql":"SELECT COUNT(*) as c FROM games","rows":1,"ms":89}
[2026-04-20T16:43:30.365Z] [INFO] DB | {"players":91,"teams":1,"games":5}
[2026-04-20T16:43:30.375Z] [WARN] Notification guard ACTIVE — outgoing Telegram messages are suppressed | {"bot":"api-bot","allow_admins":false}
[2026-04-20T16:43:30.763Z] [INFO] Keep-warm started | {"healthUrl":"https://airsoft-app.onrender.com/api/health","intervalMs":300000}
[2026-04-20T16:43:30.783Z] [INFO] Bot running!
[2026-04-20T16:43:30.785Z] [INFO] Express server on port 1488
[2026-04-20T16:43:30.786Z] [INFO] Mini App URL: http://localhost:1488
[2026-04-20T16:43:42.016Z] [DEBUG] API GET /games | {"body":{}}
[2026-04-20T16:43:42.017Z] [WARN] DEV AUTH BYPASS | {"userId":412606522}
[2026-04-20T16:43:42.150Z] [DB] Q | {"sql":"SELECT * FROM players WHERE telegram_id=?","rows":1,"ms":133}
[2026-04-20T16:43:42.220Z] [DB] Q | {"sql":"SELECT * FROM games ORDER BY created_at DESC LIMIT 50","rows":5,"ms":69}
[2026-04-20T16:43:42.310Z] [DB] Q | {"sql":"SELECT game_id, COUNT(*) as c\n         FROM game_players\n         WHERE game_id IN (?,?,?,?,?)\n     ","rows":5,"ms":88}
[2026-04-20T16:43:42.380Z] [DB] Q | {"sql":"SELECT id FROM players WHERE telegram_id = ?","rows":1,"ms":69}
[2026-04-20T16:43:42.450Z] [DB] Q | {"sql":"SELECT friend_id FROM friends WHERE player_id=? AND status='accepted'","rows":2,"ms":70}
[2026-04-20T16:43:42.531Z] [DB] Q | {"sql":"SELECT gp.game_id, COALESCE(p.callsign, p.nickname) AS nickname\n             FROM game_players gp\n  ","rows":4,"ms":80}
[2026-04-20T16:43:42.541Z] [DEBUG] API GET /games | {"body":{}}
[2026-04-20T16:43:42.542Z] [WARN] DEV AUTH BYPASS | {"userId":412606522}
[2026-04-20T16:43:42.589Z] [DB] Q | {"sql":"SELECT * FROM players WHERE telegram_id=?","rows":1,"ms":47}
[2026-04-20T16:43:42.636Z] [DB] Q | {"sql":"SELECT * FROM games ORDER BY created_at DESC LIMIT 50","rows":5,"ms":45}
[2026-04-20T16:43:42.690Z] [DB] Q | {"sql":"SELECT game_id, COUNT(*) as c\n         FROM game_players\n         WHERE game_id IN (?,?,?,?,?)\n     ","rows":5,"ms":54}
[2026-04-20T16:43:42.725Z] [DB] Q | {"sql":"SELECT id FROM players WHERE telegram_id = ?","rows":1,"ms":35}
[2026-04-20T16:43:42.762Z] [DB] Q | {"sql":"SELECT friend_id FROM friends WHERE player_id=? AND status='accepted'","rows":2,"ms":36}
[2026-04-20T16:43:42.800Z] [DB] Q | {"sql":"SELECT gp.game_id, COALESCE(p.callsign, p.nickname) AS nickname\n             FROM game_players gp\n  ","rows":4,"ms":37}
[2026-04-20T16:43:43.166Z] [WARN] Notification guard ACTIVE — outgoing Telegram messages are suppressed | {"bot":"main-bot","allow_admins":false}
[2026-04-20T16:43:43.177Z] [INFO] =============================
[2026-04-20T16:43:43.177Z] [INFO]   AIRSOFT CLUB BOT + APP v2  
[2026-04-20T16:43:43.178Z] [INFO] =============================
[2026-04-20T16:43:43.180Z] [INFO] Connecting MySQL... | {"host":"s5.thehost.com.ua","database":"airsoft_test_db"}
[2026-04-20T16:43:43.485Z] [INFO] MySQL OK
[2026-04-20T16:43:43.588Z] [DB] Q | {"sql":"SELECT COUNT(*) as c FROM players","rows":1,"ms":102}
[2026-04-20T16:43:43.676Z] [DB] Q | {"sql":"SELECT COUNT(*) as c FROM teams","rows":1,"ms":87}
[2026-04-20T16:43:43.750Z] [DB] Q | {"sql":"SELECT COUNT(*) as c FROM games","rows":1,"ms":73}
[2026-04-20T16:43:43.751Z] [INFO] DB | {"players":91,"teams":1,"games":5}
[2026-04-20T16:43:43.765Z] [WARN] Notification guard ACTIVE — outgoing Telegram messages are suppressed | {"bot":"api-bot","allow_admins":false}
[2026-04-20T16:43:44.164Z] [INFO] Keep-warm started | {"healthUrl":"https://airsoft-app.onrender.com/api/health","intervalMs":300000}
[2026-04-20T16:43:44.186Z] [INFO] Bot running!
[2026-04-20T16:43:44.188Z] [INFO] Express server on port 1488
[2026-04-20T16:43:44.189Z] [INFO] Mini App URL: http://localhost:1488
[2026-04-20T16:43:46.239Z] [DEBUG] API GET /games | {"body":{}}
[2026-04-20T16:43:46.241Z] [WARN] DEV AUTH BYPASS | {"userId":412606522}
[2026-04-20T16:43:46.347Z] [DB] Q | {"sql":"SELECT * FROM players WHERE telegram_id=?","rows":1,"ms":105}
[2026-04-20T16:43:46.478Z] [DB] Q | {"sql":"SELECT * FROM games ORDER BY created_at DESC LIMIT 50","rows":5,"ms":127}
[2026-04-20T16:43:46.578Z] [DB] Q | {"sql":"SELECT game_id, COUNT(*) as c\n         FROM game_players\n         WHERE game_id IN (?,?,?,?,?)\n     ","rows":5,"ms":100}
[2026-04-20T16:43:46.660Z] [DB] Q | {"sql":"SELECT id FROM players WHERE telegram_id = ?","rows":1,"ms":81}
[2026-04-20T16:43:46.765Z] [DB] Q | {"sql":"SELECT friend_id FROM friends WHERE player_id=? AND status='accepted'","rows":2,"ms":104}
[2026-04-20T16:43:46.838Z] [DB] Q | {"sql":"SELECT gp.game_id, COALESCE(p.callsign, p.nickname) AS nickname\n             FROM game_players gp\n  ","rows":4,"ms":73}
[2026-04-20T16:43:46.845Z] [DEBUG] API GET /games | {"body":{}}
[2026-04-20T16:43:46.847Z] [WARN] DEV AUTH BYPASS | {"userId":412606522}
[2026-04-20T16:43:46.902Z] [DB] Q | {"sql":"SELECT * FROM players WHERE telegram_id=?","rows":1,"ms":55}
[2026-04-20T16:43:46.961Z] [DB] Q | {"sql":"SELECT * FROM games ORDER BY created_at DESC LIMIT 50","rows":5,"ms":57}
[2026-04-20T16:43:47.007Z] [DB] Q | {"sql":"SELECT game_id, COUNT(*) as c\n         FROM game_players\n         WHERE game_id IN (?,?,?,?,?)\n     ","rows":5,"ms":45}
[2026-04-20T16:43:47.068Z] [DB] Q | {"sql":"SELECT id FROM players WHERE telegram_id = ?","rows":1,"ms":59}
[2026-04-20T16:43:47.130Z] [DB] Q | {"sql":"SELECT friend_id FROM friends WHERE player_id=? AND status='accepted'","rows":2,"ms":62}
[2026-04-20T16:43:47.167Z] [DB] Q | {"sql":"SELECT gp.game_id, COALESCE(p.callsign, p.nickname) AS nickname\n             FROM game_players gp\n  ","rows":4,"ms":36}
[2026-04-20T16:43:47.591Z] [DEBUG] API GET /games/5 | {"body":{}}
[2026-04-20T16:43:47.592Z] [WARN] DEV AUTH BYPASS | {"userId":412606522}
[2026-04-20T16:43:47.595Z] [DEBUG] API GET /games/5/rides | {"body":{}}
[2026-04-20T16:43:47.595Z] [WARN] DEV AUTH BYPASS | {"userId":412606522}
[2026-04-20T16:43:47.597Z] [DEBUG] API GET /games/5/billing | {"body":{}}
[2026-04-20T16:43:47.599Z] [WARN] DEV AUTH BYPASS | {"userId":412606522}
[2026-04-20T16:43:47.600Z] [DEBUG] API GET /games/5/my-settlement | {"body":{}}
[2026-04-20T16:43:47.601Z] [WARN] DEV AUTH BYPASS | {"userId":412606522}
[2026-04-20T16:43:47.602Z] [DEBUG] API GET /games/5/settlements | {"body":{}}
[2026-04-20T16:43:47.603Z] [WARN] DEV AUTH BYPASS | {"userId":412606522}
[2026-04-20T16:43:47.648Z] [DB] Q | {"sql":"SELECT * FROM players WHERE telegram_id=?","rows":1,"ms":55}
[2026-04-20T16:43:47.735Z] [DB] Q | {"sql":"SELECT * FROM games WHERE id = ?","rows":1,"ms":86}
[2026-04-20T16:43:47.805Z] [DB] Q | {"sql":"SELECT * FROM players WHERE telegram_id=?","rows":1,"ms":206}
[2026-04-20T16:43:47.808Z] [DB] Q | {"sql":"SELECT gp.*, COALESCE(p.callsign, p.nickname) AS nickname, p.rating, t.name as team_name\n       FROM","rows":15,"ms":73}
[2026-04-20T16:43:47.819Z] [DB] Q | {"sql":"SELECT * FROM players WHERE telegram_id=?","rows":1,"ms":222}
[2026-04-20T16:43:47.821Z] [DB] Q | {"sql":"SELECT * FROM players WHERE telegram_id=?","rows":1,"ms":219}
[2026-04-20T16:43:47.824Z] [DB] Q | {"sql":"SELECT * FROM players WHERE telegram_id=?","rows":1,"ms":219}
[2026-04-20T16:43:47.909Z] [DB] Q | {"sql":"SELECT * FROM rounds WHERE game_id = ? ORDER BY round_number","rows":6,"ms":100}
[2026-04-20T16:43:47.914Z] [DB] Q | {"sql":"SELECT id, status, payment, date, time, location FROM games WHERE id=?","rows":1,"ms":108}
[2026-04-20T16:43:47.918Z] [DB] Q | {"sql":"SELECT id, status, payment, date, time, location FROM games WHERE id=?","rows":1,"ms":96}
[2026-04-20T16:43:47.919Z] [DB] Q | {"sql":"SELECT id FROM players WHERE telegram_id=?","rows":1,"ms":99}
[2026-04-20T16:43:47.938Z] [DB] Q | {"sql":"SELECT id, status, payment, date, time, location FROM games WHERE id=?","rows":1,"ms":114}
[2026-04-20T16:43:47.943Z] [DB] Q | {"sql":"SELECT id FROM players WHERE telegram_id = ?","rows":1,"ms":33}
[2026-04-20T16:43:48.016Z] [DB] Q | {"sql":"SELECT\n        gp.player_id,\n        COALESCE(p.callsign, p.nickname) AS player_name,\n        p.tele","rows":15,"ms":96}
[2026-04-20T16:43:48.018Z] [DB] Q | {"sql":"SELECT item_key, total_qty, is_disabled, notes, updated_at FROM game_equipment_stock WHERE game_id=?","rows":0,"ms":74}
[2026-04-20T16:43:48.020Z] [DB] Q | {"sql":"SELECT r.*,\n              COALESCE(p.callsign, p.nickname) AS owner_nickname\n       FROM game_rides ","rows":0,"ms":100}
[2026-04-20T16:43:48.023Z] [DB] Q | {"sql":"SELECT\n        gp.player_id,\n        COALESCE(p.callsign, p.nickname) AS player_name,\n        p.tele","rows":15,"ms":109}
[2026-04-20T16:43:48.055Z] [DB] Q | {"sql":"SELECT\n        gp.player_id,\n        COALESCE(p.callsign, p.nickname) AS player_name,\n        p.tele","rows":15,"ms":115}
[2026-04-20T16:43:48.056Z] [DEBUG] API GET /games/5/rides | {"body":{}}
[2026-04-20T16:43:48.057Z] [WARN] DEV AUTH BYPASS | {"userId":412606522}
[2026-04-20T16:43:48.059Z] [DEBUG] API GET /games/5/billing | {"body":{}}
[2026-04-20T16:43:48.060Z] [WARN] DEV AUTH BYPASS | {"userId":412606522}
[2026-04-20T16:43:48.104Z] [DB] Q | {"sql":"SELECT gpe.item_key, COALESCE(SUM(gpe.quantity),0) AS reserved_qty\n       FROM game_player_equipment","rows":4,"ms":85}
[2026-04-20T16:43:48.109Z] [DB] Q | {"sql":"SELECT * FROM players WHERE telegram_id=?","rows":1,"ms":48}
[2026-04-20T16:43:48.110Z] [DB] Q | {"sql":"SELECT player_id, amount, note\n     FROM game_player_prepayments\n     WHERE game_id=? AND player_id ","rows":0,"ms":93}
[2026-04-20T16:43:48.111Z] [DB] Q | {"sql":"SELECT * FROM players WHERE telegram_id=?","rows":1,"ms":54}
[2026-04-20T16:43:48.169Z] [DB] Q | {"sql":"SELECT player_id, amount, note\n     FROM game_player_prepayments\n     WHERE game_id=? AND player_id ","rows":0,"ms":113}
[2026-04-20T16:43:48.189Z] [DB] Q | {"sql":"SELECT item_key, quantity\n         FROM game_player_equipment\n         WHERE game_id=? AND player_id","rows":1,"ms":85}
[2026-04-20T16:43:48.218Z] [DB] Q | {"sql":"SELECT id, status, payment, date, time, location FROM games WHERE id=?","rows":1,"ms":109}
[2026-04-20T16:43:48.220Z] [DB] Q | {"sql":"SELECT id FROM players WHERE telegram_id=?","rows":1,"ms":108}
[2026-04-20T16:43:48.221Z] [DB] Q | {"sql":"SELECT player_id, COALESCE(SUM(amount),0) AS total_amount\n     FROM game_player_payment_events\n     ","rows":0,"ms":111}
[2026-04-20T16:43:48.272Z] [DB] Q | {"sql":"SELECT player_id, COALESCE(SUM(amount),0) AS total_amount\n     FROM game_player_payment_events\n     ","rows":0,"ms":103}
[2026-04-20T16:43:48.274Z] [ERROR] Q fail | {"sql":"SELECT id, player_id, reward_key, status, source\n     FROM player_loot_rewards\n     WHERE game_id=? ","error":"Unknown column 'game_id' in 'where clause'"}
[2026-04-20T16:43:48.277Z] [DB] Q | {"sql":"SELECT item_key, quantity, unit_price, total_price\n           FROM game_player_equipment\n           ","rows":1,"ms":86}
[2026-04-20T16:43:48.289Z] [DEBUG] API GET /games/5/my-settlement | {"body":{}}
[2026-04-20T16:43:48.290Z] [WARN] DEV AUTH BYPASS | {"userId":412606522}
[2026-04-20T16:43:48.311Z] [DB] Q | {"sql":"SELECT\n        gp.player_id,\n        COALESCE(p.callsign, p.nickname) AS player_name,\n        p.tele","rows":15,"ms":92}
[2026-04-20T16:43:48.327Z] [DEBUG] API GET /admin/games/5/equipment-stock | {"body":{}}
[2026-04-20T16:43:48.328Z] [WARN] DEV AUTH BYPASS | {"userId":412606522}
[2026-04-20T16:43:48.335Z] [ERROR] Q fail | {"sql":"SELECT id, player_id, reward_key, status, source\n     FROM player_loot_rewards\n     WHERE game_id=? ","error":"Unknown column 'game_id' in 'where clause'"}
[2026-04-20T16:43:48.339Z] [DB] Q | {"sql":"SELECT r.*,\n              COALESCE(p.callsign, p.nickname) AS owner_nickname\n       FROM game_rides ","rows":0,"ms":118}
[2026-04-20T16:43:48.345Z] [DEBUG] API GET /games/5/settlements | {"body":{}}
[2026-04-20T16:43:48.346Z] [WARN] DEV AUTH BYPASS | {"userId":412606522}
[2026-04-20T16:43:48.349Z] [DB] Q | {"sql":"SELECT * FROM players WHERE telegram_id=?","rows":1,"ms":59}
[2026-04-20T16:43:48.384Z] [DB] Q | {"sql":"SELECT * FROM players WHERE telegram_id=?","rows":1,"ms":55}
[2026-04-20T16:43:48.386Z] [DB] Q | {"sql":"SELECT * FROM players WHERE telegram_id=?","rows":1,"ms":40}
[2026-04-20T16:43:48.440Z] [DB] Q | {"sql":"SELECT id, status, payment, date, time, location FROM games WHERE id=?","rows":1,"ms":52}
[2026-04-20T16:43:48.460Z] [DB] Q | {"sql":"SELECT id, status, payment, date, time, location FROM games WHERE id=?","rows":1,"ms":109}
[2026-04-20T16:43:48.479Z] [DB] Q | {"sql":"SELECT\n        gp.player_id,\n        COALESCE(p.callsign, p.nickname) AS player_name,\n        p.tele","rows":15,"ms":39}
[2026-04-20T16:43:48.480Z] [DB] Q | {"sql":"SELECT item_key, total_qty, is_disabled, notes, updated_at FROM game_equipment_stock WHERE game_id=?","rows":0,"ms":95}
[2026-04-20T16:43:48.569Z] [DB] Q | {"sql":"SELECT\n        gp.player_id,\n        COALESCE(p.callsign, p.nickname) AS player_name,\n        p.tele","rows":15,"ms":109}
[2026-04-20T16:43:48.579Z] [DB] Q | {"sql":"SELECT player_id, amount, note\n     FROM game_player_prepayments\n     WHERE game_id=? AND player_id ","rows":0,"ms":98}
[2026-04-20T16:43:48.580Z] [DB] Q | {"sql":"SELECT item_key, COALESCE(SUM(quantity),0) AS reserved_qty\n       FROM game_player_equipment\n       ","rows":4,"ms":99}
[2026-04-20T16:43:48.654Z] [DB] Q | {"sql":"SELECT player_id, amount, note\n     FROM game_player_prepayments\n     WHERE game_id=? AND player_id ","rows":0,"ms":84}
[2026-04-20T16:43:48.689Z] [DB] Q | {"sql":"SELECT player_id, COALESCE(SUM(amount),0) AS total_amount\n     FROM game_player_payment_events\n     ","rows":0,"ms":109}
[2026-04-20T16:43:48.734Z] [DB] Q | {"sql":"SELECT player_id, COALESCE(SUM(amount),0) AS total_amount\n     FROM game_player_payment_events\n     ","rows":0,"ms":79}
[2026-04-20T16:43:48.744Z] [ERROR] Q fail | {"sql":"SELECT id, player_id, reward_key, status, source\n     FROM player_loot_rewards\n     WHERE game_id=? ","error":"Unknown column 'game_id' in 'where clause'"}
[2026-04-20T16:43:48.778Z] [ERROR] Q fail | {"sql":"SELECT id, player_id, reward_key, status, source\n     FROM player_loot_rewards\n     WHERE game_id=? ","error":"Unknown column 'game_id' in 'where clause'"}
[2026-04-20T16:44:00.117Z] [DEBUG] Keep-warm ping OK | {"status":200}
[2026-04-20T16:48:44.760Z] [DEBUG] Keep-warm ping OK | {"status":200}
[2026-04-20T16:49:20.302Z] [WARN] Notification guard ACTIVE — outgoing Telegram messages are suppressed | {"bot":"main-bot","allow_admins":false}
[2026-04-20T16:49:20.311Z] [INFO] =============================
[2026-04-20T16:49:20.312Z] [INFO]   AIRSOFT CLUB BOT + APP v2  
[2026-04-20T16:49:20.313Z] [INFO] =============================
[2026-04-20T16:49:20.313Z] [INFO] Connecting MySQL... | {"host":"s5.thehost.com.ua","database":"airsoft_test_db"}
[2026-04-20T16:49:20.556Z] [INFO] MySQL OK
[2026-04-20T16:49:20.649Z] [DB] Q | {"sql":"SELECT COUNT(*) as c FROM players","rows":1,"ms":92}
[2026-04-20T16:49:20.754Z] [DB] Q | {"sql":"SELECT COUNT(*) as c FROM teams","rows":1,"ms":104}
[2026-04-20T16:49:20.879Z] [DB] Q | {"sql":"SELECT COUNT(*) as c FROM games","rows":1,"ms":125}
[2026-04-20T16:49:20.880Z] [INFO] DB | {"players":91,"teams":1,"games":5}
[2026-04-20T16:49:20.891Z] [WARN] Notification guard ACTIVE — outgoing Telegram messages are suppressed | {"bot":"api-bot","allow_admins":false}
[2026-04-20T16:49:21.239Z] [INFO] Keep-warm started | {"healthUrl":"https://airsoft-app.onrender.com/api/health","intervalMs":300000}
[2026-04-20T16:49:21.259Z] [INFO] Bot running!
[2026-04-20T16:49:21.261Z] [INFO] Express server on port 1488
[2026-04-20T16:49:21.262Z] [INFO] Mini App URL: http://localhost:1488
[2026-04-20T16:49:24.850Z] [ERROR] Q fail | {"sql":"SELECT * FROM games WHERE id=?","error":"Cannot read properties of undefined (reading 'execute')"}
[2026-04-20T16:49:36.881Z] [DEBUG] Keep-warm ping OK | {"status":200}
[2026-04-20T16:49:40.294Z] [WARN] Notification guard ACTIVE — outgoing Telegram messages are suppressed | {"bot":"main-bot","allow_admins":false}
[2026-04-20T16:49:40.305Z] [INFO] =============================
[2026-04-20T16:49:40.305Z] [INFO]   AIRSOFT CLUB BOT + APP v2  
[2026-04-20T16:49:40.306Z] [INFO] =============================
[2026-04-20T16:49:40.307Z] [INFO] Connecting MySQL... | {"host":"s5.thehost.com.ua","database":"airsoft_test_db"}
[2026-04-20T16:49:43.245Z] [INFO] MySQL OK
[2026-04-20T16:49:43.369Z] [DB] Q | {"sql":"SELECT COUNT(*) as c FROM players","rows":1,"ms":123}
[2026-04-20T16:49:43.444Z] [DB] Q | {"sql":"SELECT COUNT(*) as c FROM teams","rows":1,"ms":74}
[2026-04-20T16:49:43.525Z] [DB] Q | {"sql":"SELECT COUNT(*) as c FROM games","rows":1,"ms":80}
[2026-04-20T16:49:43.526Z] [INFO] DB | {"players":91,"teams":1,"games":5}
[2026-04-20T16:49:43.537Z] [WARN] Notification guard ACTIVE — outgoing Telegram messages are suppressed | {"bot":"api-bot","allow_admins":false}
[2026-04-20T16:49:43.906Z] [INFO] Keep-warm started | {"healthUrl":"https://airsoft-app.onrender.com/api/health","intervalMs":300000}
[2026-04-20T16:49:43.928Z] [INFO] Bot running!
[2026-04-20T16:49:43.929Z] [INFO] Express server on port 1488
[2026-04-20T16:49:43.930Z] [INFO] Mini App URL: http://localhost:1488
[2026-04-20T16:49:44.007Z] [INFO] Connecting MySQL... | {"host":"s5.thehost.com.ua","database":"airsoft_test_db"}
[2026-04-20T16:49:44.305Z] [INFO] MySQL OK
[2026-04-20T16:49:44.406Z] [DB] Q | {"sql":"SELECT * FROM games WHERE id=?","rows":1,"ms":100}
[2026-04-20T16:49:44.505Z] [DB] Q | {"sql":"SELECT gp.id, gp.player_id, gp.attendance, gp.game_team, gp.team_id,\n              gp.checkin_time, ","rows":15,"ms":98}
[2026-04-20T16:49:44.638Z] [DB] Q | {"sql":"SELECT COUNT(*) AS c FROM information_schema.tables\n         WHERE table_schema=DATABASE() AND table","rows":1,"ms":124}
[2026-04-20T16:49:44.754Z] [DB] Q | {"sql":"SELECT DISTINCT player_id FROM game_player_billing WHERE game_id=?","rows":0,"ms":115}
[2026-04-20T16:49:44.789Z] [DB] Q | {"sql":"SELECT COUNT(*) AS c FROM information_schema.tables\n         WHERE table_schema=DATABASE() AND table","rows":1,"ms":33}
[2026-04-20T16:49:44.859Z] [DB] Q | {"sql":"SELECT DISTINCT player_id FROM game_player_prepayments WHERE game_id=?","rows":0,"ms":69}
[2026-04-20T16:49:44.894Z] [DB] Q | {"sql":"SELECT COUNT(*) AS c FROM information_schema.tables\n         WHERE table_schema=DATABASE() AND table","rows":1,"ms":34}
[2026-04-20T16:49:44.964Z] [DB] Q | {"sql":"SELECT DISTINCT player_id FROM game_player_payment_events WHERE game_id=?","rows":0,"ms":70}
[2026-04-20T16:49:44.999Z] [DB] Q | {"sql":"SELECT COUNT(*) AS c FROM information_schema.tables\n         WHERE table_schema=DATABASE() AND table","rows":1,"ms":35}
[2026-04-20T16:49:45.036Z] [DB] Q | {"sql":"SELECT COUNT(*) AS c FROM information_schema.tables\n         WHERE table_schema=DATABASE() AND table","rows":1,"ms":36}
[2026-04-20T16:49:45.069Z] [ERROR] Q fail | {"sql":"SELECT DISTINCT rk.killer_id AS player_id\n         FROM round_kills rk\n         JOIN rounds r ON r.i","error":"Unknown column 'rk.killer_id' in 'field list'"}
[2026-04-20T16:49:45.126Z] [ERROR] Q fail | {"sql":"SELECT DISTINCT rk.victim_id AS player_id\n         FROM round_kills rk\n         JOIN rounds r ON r.i","error":"Unknown column 'rk.victim_id' in 'field list'"}
[2026-04-20T16:49:45.179Z] [DB] Q | {"sql":"SELECT COUNT(*) AS c FROM information_schema.tables\n         WHERE table_schema=DATABASE() AND table","rows":1,"ms":52}
[2026-04-20T16:49:45.239Z] [ERROR] Q fail | {"sql":"SELECT DISTINCT mv.voter_id AS player_id\n         FROM mvp_votes mv\n         JOIN rounds r ON r.id =","error":"Unknown column 'mv.round_id' in 'on clause'"}
[2026-04-20T16:49:45.274Z] [ERROR] Q fail | {"sql":"SELECT DISTINCT mv.voted_for_id AS player_id\n         FROM mvp_votes mv\n         JOIN rounds r ON r.","error":"Unknown column 'mv.voted_for_id' in 'field list'"}
[2026-04-20T16:49:45.356Z] [DB] Q | {"sql":"SELECT id, round_number, status, winner_game_team, started_at, ended_at\n       FROM rounds WHERE gam","rows":6,"ms":82}
[2026-04-20T16:49:59.738Z] [DEBUG] Keep-warm ping OK | {"status":200}
[2026-04-20T16:50:14.065Z] [WARN] Notification guard ACTIVE — outgoing Telegram messages are suppressed | {"bot":"main-bot","allow_admins":false}
[2026-04-20T16:50:14.075Z] [INFO] =============================
[2026-04-20T16:50:14.075Z] [INFO]   AIRSOFT CLUB BOT + APP v2  
[2026-04-20T16:50:14.076Z] [INFO] =============================
[2026-04-20T16:50:14.077Z] [INFO] Connecting MySQL... | {"host":"s5.thehost.com.ua","database":"airsoft_test_db"}
[2026-04-20T16:50:14.380Z] [INFO] MySQL OK
[2026-04-20T16:50:14.496Z] [DB] Q | {"sql":"SELECT COUNT(*) as c FROM players","rows":1,"ms":116}
[2026-04-20T16:50:14.575Z] [DB] Q | {"sql":"SELECT COUNT(*) as c FROM teams","rows":1,"ms":79}
[2026-04-20T16:50:14.655Z] [DB] Q | {"sql":"SELECT COUNT(*) as c FROM games","rows":1,"ms":79}
[2026-04-20T16:50:14.656Z] [INFO] DB | {"players":91,"teams":1,"games":5}
[2026-04-20T16:50:14.667Z] [WARN] Notification guard ACTIVE — outgoing Telegram messages are suppressed | {"bot":"api-bot","allow_admins":false}
[2026-04-20T16:50:15.009Z] [INFO] Keep-warm started | {"healthUrl":"https://airsoft-app.onrender.com/api/health","intervalMs":300000}
[2026-04-20T16:50:15.029Z] [INFO] Bot running!
[2026-04-20T16:50:15.030Z] [INFO] Express server on port 1488
[2026-04-20T16:50:15.031Z] [INFO] Mini App URL: http://localhost:1488
[2026-04-20T16:50:18.561Z] [INFO] Connecting MySQL... | {"host":"s5.thehost.com.ua","database":"airsoft_test_db"}
[2026-04-20T16:50:18.838Z] [INFO] MySQL OK
[2026-04-20T16:50:18.951Z] [DB] Q | {"sql":"SELECT column_name AS name, data_type AS type\n     FROM information_schema.columns\n     WHERE table_","rows":7,"ms":111}
[2026-04-20T16:50:19.010Z] [DB] Q | {"sql":"SELECT column_name AS name, data_type AS type\n     FROM information_schema.columns\n     WHERE table_","rows":5,"ms":58}
[2026-04-20T16:50:19.045Z] [DB] Q | {"sql":"SELECT column_name AS name, data_type AS type\n     FROM information_schema.columns\n     WHERE table_","rows":7,"ms":34}
[2026-04-20T16:50:19.080Z] [DB] Q | {"sql":"SELECT column_name AS name, data_type AS type\n     FROM information_schema.columns\n     WHERE table_","rows":0,"ms":33}
[2026-04-20T16:50:19.115Z] [DB] Q | {"sql":"SELECT column_name AS name, data_type AS type\n     FROM information_schema.columns\n     WHERE table_","rows":0,"ms":34}
[2026-04-20T16:50:19.160Z] [DB] Q | {"sql":"SELECT column_name AS name, data_type AS type\n     FROM information_schema.columns\n     WHERE table_","rows":0,"ms":44}
[2026-04-20T16:50:19.195Z] [DB] Q | {"sql":"SELECT column_name AS name, data_type AS type\n     FROM information_schema.columns\n     WHERE table_","rows":13,"ms":34}
[2026-04-20T16:50:19.275Z] [DB] Q | {"sql":"SELECT id FROM rounds WHERE game_id=?","rows":6,"ms":77}
[2026-04-20T16:50:19.360Z] [DB] Q | {"sql":"SELECT * FROM round_kills WHERE round_id IN (?,?,?,?,?,?) LIMIT 5","rows":5,"ms":83}
[2026-04-20T16:50:19.410Z] [ERROR] Q fail | {"sql":"SELECT rp.* FROM round_participants rp\n         JOIN rounds r ON r.id = rp.round_id WHERE r.game_id=","error":"Table 'airsoft_test_db.round_participants' doesn't exist"}
[2026-04-20T16:50:19.471Z] [ERROR] Q fail | {"sql":"SELECT * FROM game_player_scores WHERE game_id=? LIMIT 5","error":"Table 'airsoft_test_db.game_player_scores' doesn't exist"}
[2026-04-20T16:50:19.509Z] [ERROR] Q fail | {"sql":"SELECT * FROM score_events WHERE game_id=? LIMIT 5","error":"Table 'airsoft_test_db.score_events' doesn't exist"}
[2026-04-20T16:50:19.569Z] [DB] Q | {"sql":"SELECT column_name AS name, data_type AS type\n     FROM information_schema.columns\n     WHERE table_","rows":5,"ms":59}
[2026-04-20T16:50:19.640Z] [DB] Q | {"sql":"SELECT * FROM mvp_votes LIMIT 3","rows":0,"ms":70}
[2026-04-20T16:50:30.574Z] [DEBUG] Keep-warm ping OK | {"status":200}
[2026-04-20T16:50:35.366Z] [DEBUG] API GET /profile | {"body":{}}
[2026-04-20T16:50:35.368Z] [WARN] DEV AUTH BYPASS | {"userId":412606522}
[2026-04-20T16:50:35.449Z] [DB] Q | {"sql":"SELECT * FROM players WHERE telegram_id=?","rows":1,"ms":80}
[2026-04-20T16:50:35.587Z] [DB] Q | {"sql":"SELECT p.*, t.name AS team_name\n       FROM players p LEFT JOIN teams t ON p.team_id = t.id\n       W","rows":1,"ms":132}
[2026-04-20T16:50:35.667Z] [DB] Q | {"sql":"SELECT badge_name, badge_emoji FROM player_badges WHERE player_id = ?","rows":5,"ms":78}
[2026-04-20T16:50:35.779Z] [DB] Q | {"sql":"SELECT g.id, g.date, g.time, g.game_mode, g.status, gp.result, gp.kills_total, gp.deaths_total\n     ","rows":5,"ms":110}
[2026-04-20T16:50:35.878Z] [DB] Q | {"sql":"SELECT winner_game_team, COUNT(*) AS wins\n         FROM rounds\n         WHERE game_id=? AND status='","rows":1,"ms":98}
[2026-04-20T16:50:35.918Z] [DB] Q | {"sql":"SELECT winner_game_team, COUNT(*) AS wins\n         FROM rounds\n         WHERE game_id=? AND status='","rows":2,"ms":37}
[2026-04-20T16:50:35.971Z] [DB] Q | {"sql":"SELECT winner_game_team, COUNT(*) AS wins\n         FROM rounds\n         WHERE game_id=? AND status='","rows":2,"ms":52}
[2026-04-20T16:50:36.009Z] [DB] Q | {"sql":"SELECT winner_game_team, COUNT(*) AS wins\n         FROM rounds\n         WHERE game_id=? AND status='","rows":2,"ms":37}
[2026-04-20T16:50:36.071Z] [DB] Q | {"sql":"SELECT winner_game_team, COUNT(*) AS wins\n         FROM rounds\n         WHERE game_id=? AND status='","rows":2,"ms":60}
[2026-04-20T16:50:36.157Z] [DB] Q | {"sql":"SELECT COUNT(*) AS c\n       FROM round_players rp\n       JOIN rounds r ON r.id = rp.round_id\n       ","rows":1,"ms":84}
[2026-04-20T16:50:36.267Z] [DB] Q | {"sql":"SELECT COUNT(*) AS c\n       FROM round_players rp\n       JOIN rounds r ON r.id = rp.round_id\n       ","rows":1,"ms":86}
[2026-04-20T16:50:36.348Z] [DB] Q | {"sql":"SELECT p.id, p.nickname, p.callsign, p.rating\n       FROM friends f\n       JOIN players p ON p.id = ","rows":2,"ms":80}
[2026-04-20T16:50:36.351Z] [INFO] Profile API | {"tgId":412606522,"isAdmin":true,"admins":[412606522]}
[2026-04-20T16:50:36.400Z] [DEBUG] API GET /friends | {"body":{}}
[2026-04-20T16:50:36.403Z] [WARN] DEV AUTH BYPASS | {"userId":412606522}
[2026-04-20T16:50:36.405Z] [DEBUG] API GET /loot/state | {"body":{}}
[2026-04-20T16:50:36.406Z] [WARN] DEV AUTH BYPASS | {"userId":412606522}
[2026-04-20T16:50:36.412Z] [DEBUG] API GET /survey/status | {"body":{}}
[2026-04-20T16:50:36.414Z] [WARN] DEV AUTH BYPASS | {"userId":412606522}
[2026-04-20T16:50:36.462Z] [DB] Q | {"sql":"SELECT * FROM players WHERE telegram_id=?","rows":1,"ms":58}
[2026-04-20T16:50:36.557Z] [DB] Q | {"sql":"SELECT id FROM players WHERE telegram_id = ?","rows":1,"ms":93}
[2026-04-20T16:50:36.592Z] [DB] Q | {"sql":"SELECT p.id, p.nickname, p.callsign, p.rating\n       FROM friends f\n       JOIN players p ON p.id = ","rows":2,"ms":33}
[2026-04-20T16:50:36.607Z] [DB] Q | {"sql":"SELECT * FROM players WHERE telegram_id=?","rows":1,"ms":191}
[2026-04-20T16:50:36.627Z] [DB] Q | {"sql":"SELECT * FROM players WHERE telegram_id=?","rows":1,"ms":219}
[2026-04-20T16:50:36.666Z] [DB] Q | {"sql":"SELECT * FROM players WHERE telegram_id=?","rows":1,"ms":37}
[2026-04-20T16:50:36.669Z] [DB] Q | {"sql":"SELECT f.id, p.nickname, p.callsign, p.rating\n       FROM friends f\n       JOIN players p ON p.id = ","rows":0,"ms":76}
[2026-04-20T16:50:36.707Z] [DB] Q | {"sql":"SELECT id, created_at\n       FROM player_feedback_surveys\n       WHERE player_id=? AND survey_key=?\n","rows":0,"ms":96}
[2026-04-20T16:50:36.747Z] [DB] Q | {"sql":"SELECT rating FROM players WHERE id=?","rows":1,"ms":78}
[2026-04-20T16:50:36.817Z] [DB] Q | {"sql":"SELECT * FROM player_spins WHERE player_id=?","rows":1,"ms":69}
[2026-04-20T16:50:36.928Z] [DB] Q | {"sql":"SELECT id, reward_key, rarity, image_url, status, source, game_id, created_at FROM player_loot_rewar","rows":2,"ms":109}
[2026-04-20T16:50:38.184Z] [DEBUG] API GET /games | {"body":{}}
[2026-04-20T16:50:38.185Z] [WARN] DEV AUTH BYPASS | {"userId":412606522}
[2026-04-20T16:50:38.231Z] [DB] Q | {"sql":"SELECT * FROM players WHERE telegram_id=?","rows":1,"ms":45}
[2026-04-20T16:50:38.308Z] [DB] Q | {"sql":"SELECT * FROM games ORDER BY created_at DESC LIMIT 50","rows":5,"ms":75}
[2026-04-20T16:50:38.421Z] [DB] Q | {"sql":"SELECT game_id, COUNT(*) as c\n         FROM game_players\n         WHERE game_id IN (?,?,?,?,?)\n     ","rows":5,"ms":112}
[2026-04-20T16:50:38.544Z] [DB] Q | {"sql":"SELECT id FROM players WHERE telegram_id = ?","rows":1,"ms":121}
[2026-04-20T16:50:38.640Z] [DB] Q | {"sql":"SELECT friend_id FROM friends WHERE player_id=? AND status='accepted'","rows":2,"ms":94}
[2026-04-20T16:50:38.737Z] [DB] Q | {"sql":"SELECT gp.game_id, COALESCE(p.callsign, p.nickname) AS nickname\n             FROM game_players gp\n  ","rows":4,"ms":97}
[2026-04-20T16:50:42.941Z] [WARN] Notification guard ACTIVE — outgoing Telegram messages are suppressed | {"bot":"main-bot","allow_admins":false}
[2026-04-20T16:50:42.949Z] [INFO] =============================
[2026-04-20T16:50:42.950Z] [INFO]   AIRSOFT CLUB BOT + APP v2  
[2026-04-20T16:50:42.950Z] [INFO] =============================
[2026-04-20T16:50:42.951Z] [INFO] Connecting MySQL... | {"host":"s5.thehost.com.ua","database":"airsoft_test_db"}
[2026-04-20T16:50:43.260Z] [INFO] MySQL OK
[2026-04-20T16:50:43.369Z] [DB] Q | {"sql":"SELECT COUNT(*) as c FROM players","rows":1,"ms":107}
[2026-04-20T16:50:43.478Z] [DB] Q | {"sql":"SELECT COUNT(*) as c FROM teams","rows":1,"ms":108}
[2026-04-20T16:50:43.574Z] [DB] Q | {"sql":"SELECT COUNT(*) as c FROM games","rows":1,"ms":95}
[2026-04-20T16:50:43.576Z] [INFO] DB | {"players":91,"teams":1,"games":5}
[2026-04-20T16:50:43.587Z] [WARN] Notification guard ACTIVE — outgoing Telegram messages are suppressed | {"bot":"api-bot","allow_admins":false}
[2026-04-20T16:50:43.987Z] [INFO] Keep-warm started | {"healthUrl":"https://airsoft-app.onrender.com/api/health","intervalMs":300000}
[2026-04-20T16:50:44.012Z] [INFO] Bot running!
[2026-04-20T16:50:44.014Z] [INFO] Express server on port 1488
[2026-04-20T16:50:44.015Z] [INFO] Mini App URL: http://localhost:1488
[2026-04-20T16:50:44.060Z] [DEBUG] API GET /friends | {"body":{}}
[2026-04-20T16:50:44.061Z] [WARN] DEV AUTH BYPASS | {"userId":412606522}
[2026-04-20T16:50:44.103Z] [DEBUG] API GET /loot/state | {"body":{}}
[2026-04-20T16:50:44.104Z] [WARN] DEV AUTH BYPASS | {"userId":412606522}
[2026-04-20T16:50:44.167Z] [DB] Q | {"sql":"SELECT * FROM players WHERE telegram_id=?","rows":1,"ms":105}
[2026-04-20T16:50:44.269Z] [DB] Q | {"sql":"SELECT id FROM players WHERE telegram_id = ?","rows":1,"ms":100}
[2026-04-20T16:50:44.326Z] [DB] Q | {"sql":"SELECT * FROM players WHERE telegram_id=?","rows":1,"ms":220}
[2026-04-20T16:50:44.359Z] [DB] Q | {"sql":"SELECT * FROM players WHERE telegram_id=?","rows":1,"ms":32}
[2026-04-20T16:50:44.369Z] [DB] Q | {"sql":"SELECT p.id, p.nickname, p.callsign, p.rating\n       FROM friends f\n       JOIN players p ON p.id = ","rows":2,"ms":99}
[2026-04-20T16:50:44.430Z] [DB] Q | {"sql":"SELECT rating FROM players WHERE id=?","rows":1,"ms":70}
[2026-04-20T16:50:44.459Z] [DB] Q | {"sql":"SELECT f.id, p.nickname, p.callsign, p.rating\n       FROM friends f\n       JOIN players p ON p.id = ","rows":0,"ms":89}
[2026-04-20T16:50:44.500Z] [DB] Q | {"sql":"SELECT * FROM player_spins WHERE player_id=?","rows":1,"ms":68}
[2026-04-20T16:50:44.575Z] [DB] Q | {"sql":"SELECT id, reward_key, rarity, image_url, status, source, game_id, created_at FROM player_loot_rewar","rows":2,"ms":74}
[2026-04-20T16:50:47.215Z] [DEBUG] API GET /profile | {"body":{}}
[2026-04-20T16:50:47.216Z] [WARN] DEV AUTH BYPASS | {"userId":412606522}
[2026-04-20T16:50:47.326Z] [DB] Q | {"sql":"SELECT * FROM players WHERE telegram_id=?","rows":1,"ms":108}
[2026-04-20T16:50:47.419Z] [DB] Q | {"sql":"SELECT p.*, t.name AS team_name\n       FROM players p LEFT JOIN teams t ON p.team_id = t.id\n       W","rows":1,"ms":92}
[2026-04-20T16:50:47.519Z] [DB] Q | {"sql":"SELECT badge_name, badge_emoji FROM player_badges WHERE player_id = ?","rows":5,"ms":98}
[2026-04-20T16:50:47.551Z] [INFO] Connecting MySQL... | {"host":"s5.thehost.com.ua","database":"airsoft_test_db"}
[2026-04-20T16:50:47.630Z] [DB] Q | {"sql":"SELECT g.id, g.date, g.time, g.game_mode, g.status, gp.result, gp.kills_total, gp.deaths_total\n     ","rows":5,"ms":110}
[2026-04-20T16:50:47.719Z] [DB] Q | {"sql":"SELECT winner_game_team, COUNT(*) AS wins\n         FROM rounds\n         WHERE game_id=? AND status='","rows":1,"ms":88}
[2026-04-20T16:50:47.765Z] [DB] Q | {"sql":"SELECT winner_game_team, COUNT(*) AS wins\n         FROM rounds\n         WHERE game_id=? AND status='","rows":2,"ms":45}
[2026-04-20T16:50:47.806Z] [INFO] MySQL OK
[2026-04-20T16:50:47.814Z] [DB] Q | {"sql":"SELECT winner_game_team, COUNT(*) AS wins\n         FROM rounds\n         WHERE game_id=? AND status='","rows":2,"ms":46}
[2026-04-20T16:50:47.855Z] [DB] Q | {"sql":"SELECT winner_game_team, COUNT(*) AS wins\n         FROM rounds\n         WHERE game_id=? AND status='","rows":2,"ms":39}
[2026-04-20T16:50:47.909Z] [DB] Q | {"sql":"SELECT winner_game_team, COUNT(*) AS wins\n         FROM rounds\n         WHERE game_id=? AND status='","rows":2,"ms":52}
[2026-04-20T16:50:47.909Z] [DB] Q | {"sql":"SELECT player_id FROM game_players WHERE game_id=?","rows":15,"ms":102}
[2026-04-20T16:50:48.010Z] [DB] Q | {"sql":"SELECT COUNT(*) AS c\n       FROM round_players rp\n       JOIN rounds r ON r.id = rp.round_id\n       ","rows":1,"ms":101}
[2026-04-20T16:50:48.049Z] [DB] Q | {"sql":"SELECT DISTINCT killed_player_id AS pid FROM round_kills WHERE game_id=?\n     UNION\n     SELECT DIST","rows":16,"ms":139}
[2026-04-20T16:50:48.090Z] [DB] Q | {"sql":"SELECT COUNT(*) AS c\n       FROM round_players rp\n       JOIN rounds r ON r.id = rp.round_id\n       ","rows":1,"ms":79}
[2026-04-20T16:50:48.145Z] [DB] Q | {"sql":"SELECT DISTINCT pid FROM (\n        SELECT voter_id AS pid FROM mvp_votes WHERE game_id=?\n        UNI","rows":0,"ms":95}
[2026-04-20T16:50:48.183Z] [DB] Q | {"sql":"SELECT p.id, p.nickname, p.callsign, p.rating\n       FROM friends f\n       JOIN players p ON p.id = ","rows":2,"ms":92}
[2026-04-20T16:50:48.184Z] [INFO] Profile API | {"tgId":412606522,"isAdmin":true,"admins":[412606522]}
[2026-04-20T16:50:48.213Z] [DEBUG] API GET /friends | {"body":{}}
[2026-04-20T16:50:48.214Z] [WARN] DEV AUTH BYPASS | {"userId":412606522}
[2026-04-20T16:50:48.215Z] [DEBUG] API GET /loot/state | {"body":{}}
[2026-04-20T16:50:48.216Z] [WARN] DEV AUTH BYPASS | {"userId":412606522}
[2026-04-20T16:50:48.218Z] [DEBUG] API GET /survey/status | {"body":{}}
[2026-04-20T16:50:48.219Z] [WARN] DEV AUTH BYPASS | {"userId":412606522}
[2026-04-20T16:50:48.227Z] [DB] Q | {"sql":"SELECT id, COALESCE(callsign, nickname) AS name, telegram_id, telegram_username, team_id\n       FROM","rows":2,"ms":80}
[2026-04-20T16:50:48.255Z] [DB] Q | {"sql":"SELECT * FROM players WHERE telegram_id=?","rows":1,"ms":40}
[2026-04-20T16:50:48.273Z] [DB] Q | {"sql":"SELECT * FROM players WHERE telegram_id=?","rows":1,"ms":55}
[2026-04-20T16:50:48.305Z] [DB] Q | {"sql":"SELECT COUNT(*) AS c FROM round_kills WHERE game_id=? AND killed_player_id=?","rows":1,"ms":77}
[2026-04-20T16:50:48.339Z] [DB] Q | {"sql":"SELECT * FROM players WHERE telegram_id=?","rows":1,"ms":65}
[2026-04-20T16:50:48.341Z] [DB] Q | {"sql":"SELECT id FROM players WHERE telegram_id = ?","rows":1,"ms":85}
[2026-04-20T16:50:48.386Z] [DB] Q | {"sql":"SELECT COUNT(*) AS c FROM round_kills WHERE game_id=? AND killer_player_id=?","rows":1,"ms":80}
[2026-04-20T16:50:48.386Z] [DB] Q | {"sql":"SELECT p.id, p.nickname, p.callsign, p.rating\n       FROM friends f\n       JOIN players p ON p.id = ","rows":2,"ms":44}
[2026-04-20T16:50:48.440Z] [DB] Q | {"sql":"SELECT rating FROM players WHERE id=?","rows":1,"ms":99}
[2026-04-20T16:50:48.466Z] [DB] Q | {"sql":"SELECT DISTINCT r.round_number\n         FROM round_kills rk JOIN rounds r ON r.id = rk.round_id\n    ","rows":2,"ms":78}
[2026-04-20T16:50:48.476Z] [DB] Q | {"sql":"SELECT * FROM players WHERE telegram_id=?","rows":1,"ms":256}
[2026-04-20T16:50:48.479Z] [DB] Q | {"sql":"SELECT f.id, p.nickname, p.callsign, p.rating\n       FROM friends f\n       JOIN players p ON p.id = ","rows":0,"ms":92}
[2026-04-20T16:50:48.500Z] [DB] Q | {"sql":"SELECT COUNT(*) AS c FROM round_kills WHERE game_id=? AND killed_player_id=?","rows":1,"ms":34}
[2026-04-20T16:50:48.535Z] [DB] Q | {"sql":"SELECT COUNT(*) AS c FROM round_kills WHERE game_id=? AND killer_player_id=?","rows":1,"ms":33}
[2026-04-20T16:50:48.534Z] [DB] Q | {"sql":"SELECT * FROM player_spins WHERE player_id=?","rows":1,"ms":94}
[2026-04-20T16:50:48.570Z] [DB] Q | {"sql":"SELECT id, created_at\n       FROM player_feedback_surveys\n       WHERE player_id=? AND survey_key=?\n","rows":0,"ms":92}
[2026-04-20T16:50:48.580Z] [DB] Q | {"sql":"SELECT DISTINCT r.round_number\n         FROM round_kills rk JOIN rounds r ON r.id = rk.round_id\n    ","rows":3,"ms":44}
[2026-04-20T16:50:48.625Z] [DB] Q | {"sql":"SELECT id, reward_key, rarity, image_url, status, source, game_id, created_at FROM player_loot_rewar","rows":2,"ms":90}
[2026-04-20T16:50:48.676Z] [DB] Q | {"sql":"SELECT id, COALESCE(callsign, nickname) AS name, rating, games_played, wins, mvp_count\n     FROM pla","rows":15,"ms":96}
[2026-04-20T16:50:59.424Z] [DEBUG] Keep-warm ping OK | {"status":200}
[2026-04-20T16:51:02.377Z] [INFO] Connecting MySQL... | {"host":"s5.thehost.com.ua","database":"airsoft_test_db"}
[2026-04-20T16:51:02.677Z] [INFO] MySQL OK
[2026-04-20T16:51:02.785Z] [DB] Q | {"sql":"SELECT player_id FROM game_players WHERE game_id=?","rows":15,"ms":108}
[2026-04-20T16:51:02.898Z] [DB] Q | {"sql":"SELECT DISTINCT killed_player_id AS pid FROM round_kills WHERE game_id=?\n     UNION\n     SELECT DIST","rows":16,"ms":111}
[2026-04-20T16:51:03.017Z] [DB] Q | {"sql":"SELECT DISTINCT pid FROM (\n        SELECT voter_id AS pid FROM mvp_votes WHERE game_id=?\n        UNI","rows":0,"ms":117}
[2026-04-20T16:51:03.126Z] [DB] Q | {"sql":"SELECT id, COALESCE(callsign, nickname) AS name, telegram_id, telegram_username, team_id\n       FROM","rows":2,"ms":107}
[2026-04-20T16:51:03.226Z] [DB] Q | {"sql":"SELECT COUNT(*) AS c FROM round_kills WHERE game_id=? AND killed_player_id=?","rows":1,"ms":99}
[2026-04-20T16:51:03.310Z] [DB] Q | {"sql":"SELECT COUNT(*) AS c FROM round_kills WHERE game_id=? AND killer_player_id=?","rows":1,"ms":84}
[2026-04-20T16:51:03.423Z] [DB] Q | {"sql":"SELECT DISTINCT r.round_number\n         FROM round_kills rk JOIN rounds r ON r.id = rk.round_id\n    ","rows":2,"ms":111}
[2026-04-20T16:51:03.476Z] [DB] Q | {"sql":"SELECT COUNT(*) AS c FROM round_kills WHERE game_id=? AND killed_player_id=?","rows":1,"ms":53}
[2026-04-20T16:51:03.527Z] [DB] Q | {"sql":"SELECT COUNT(*) AS c FROM round_kills WHERE game_id=? AND killer_player_id=?","rows":1,"ms":50}
[2026-04-20T16:51:03.554Z] [DEBUG] API GET /profile | {"body":{}}
[2026-04-20T16:51:03.555Z] [WARN] DEV AUTH BYPASS | {"userId":412606522}
[2026-04-20T16:51:03.565Z] [DB] Q | {"sql":"SELECT DISTINCT r.round_number\n         FROM round_kills rk JOIN rounds r ON r.id = rk.round_id\n    ","rows":3,"ms":37}
[2026-04-20T16:51:03.610Z] [DB] Q | {"sql":"SELECT * FROM players WHERE telegram_id=?","rows":1,"ms":55}
[2026-04-20T16:51:03.661Z] [DB] Q | {"sql":"SELECT id, COALESCE(callsign, nickname) AS name, rating, games_played, wins, mvp_count\n     FROM pla","rows":15,"ms":95}
[2026-04-20T16:51:03.701Z] [DB] Q | {"sql":"SELECT p.*, t.name AS team_name\n       FROM players p LEFT JOIN teams t ON p.team_id = t.id\n       W","rows":1,"ms":89}
[2026-04-20T16:51:03.794Z] [DB] Q | {"sql":"SELECT badge_name, badge_emoji FROM player_badges WHERE player_id = ?","rows":5,"ms":93}
[2026-04-20T16:51:03.894Z] [DB] Q | {"sql":"SELECT g.id, g.date, g.time, g.game_mode, g.status, gp.result, gp.kills_total, gp.deaths_total\n     ","rows":5,"ms":98}
[2026-04-20T16:51:03.985Z] [DB] Q | {"sql":"SELECT winner_game_team, COUNT(*) AS wins\n         FROM rounds\n         WHERE game_id=? AND status='","rows":1,"ms":90}
[2026-04-20T16:51:04.036Z] [DB] Q | {"sql":"SELECT winner_game_team, COUNT(*) AS wins\n         FROM rounds\n         WHERE game_id=? AND status='","rows":2,"ms":49}
[2026-04-20T16:51:04.085Z] [DB] Q | {"sql":"SELECT winner_game_team, COUNT(*) AS wins\n         FROM rounds\n         WHERE game_id=? AND status='","rows":2,"ms":48}
[2026-04-20T16:51:04.135Z] [DB] Q | {"sql":"SELECT winner_game_team, COUNT(*) AS wins\n         FROM rounds\n         WHERE game_id=? AND status='","rows":2,"ms":48}
[2026-04-20T16:51:04.175Z] [DB] Q | {"sql":"SELECT winner_game_team, COUNT(*) AS wins\n         FROM rounds\n         WHERE game_id=? AND status='","rows":2,"ms":38}
[2026-04-20T16:51:04.271Z] [DB] Q | {"sql":"SELECT COUNT(*) AS c\n       FROM round_players rp\n       JOIN rounds r ON r.id = rp.round_id\n       ","rows":1,"ms":94}
[2026-04-20T16:51:04.365Z] [DB] Q | {"sql":"SELECT COUNT(*) AS c\n       FROM round_players rp\n       JOIN rounds r ON r.id = rp.round_id\n       ","rows":1,"ms":92}
[2026-04-20T16:51:04.405Z] [DB] Q | {"sql":"SELECT p.id, p.nickname, p.callsign, p.rating\n       FROM friends f\n       JOIN players p ON p.id = ","rows":2,"ms":39}
[2026-04-20T16:51:04.406Z] [INFO] Profile API | {"tgId":412606522,"isAdmin":true,"admins":[412606522]}
[2026-04-20T16:51:04.436Z] [DEBUG] API GET /friends | {"body":{}}
[2026-04-20T16:51:04.437Z] [WARN] DEV AUTH BYPASS | {"userId":412606522}
[2026-04-20T16:51:04.439Z] [DEBUG] API GET /survey/status | {"body":{}}
[2026-04-20T16:51:04.440Z] [WARN] DEV AUTH BYPASS | {"userId":412606522}
[2026-04-20T16:51:04.442Z] [DEBUG] API GET /loot/state | {"body":{}}
[2026-04-20T16:51:04.443Z] [WARN] DEV AUTH BYPASS | {"userId":412606522}
[2026-04-20T16:51:04.485Z] [DB] Q | {"sql":"SELECT * FROM players WHERE telegram_id=?","rows":1,"ms":45}
[2026-04-20T16:51:04.487Z] [DB] Q | {"sql":"SELECT * FROM players WHERE telegram_id=?","rows":1,"ms":49}
[2026-04-20T16:51:04.496Z] [DB] Q | {"sql":"SELECT * FROM players WHERE telegram_id=?","rows":1,"ms":51}
[2026-04-20T16:51:04.525Z] [DB] Q | {"sql":"SELECT id, created_at\n       FROM player_feedback_surveys\n       WHERE player_id=? AND survey_key=?\n","rows":0,"ms":38}
[2026-04-20T16:51:04.535Z] [DB] Q | {"sql":"SELECT id FROM players WHERE telegram_id = ?","rows":1,"ms":46}
[2026-04-20T16:51:04.549Z] [DB] Q | {"sql":"SELECT * FROM players WHERE telegram_id=?","rows":1,"ms":52}
[2026-04-20T16:51:04.585Z] [DB] Q | {"sql":"SELECT rating FROM players WHERE id=?","rows":1,"ms":35}
[2026-04-20T16:51:04.596Z] [DB] Q | {"sql":"SELECT p.id, p.nickname, p.callsign, p.rating\n       FROM friends f\n       JOIN players p ON p.id = ","rows":2,"ms":60}
[2026-04-20T16:51:04.620Z] [DB] Q | {"sql":"SELECT * FROM player_spins WHERE player_id=?","rows":1,"ms":33}
[2026-04-20T16:51:04.655Z] [DB] Q | {"sql":"SELECT f.id, p.nickname, p.callsign, p.rating\n       FROM friends f\n       JOIN players p ON p.id = ","rows":0,"ms":57}
[2026-04-20T16:51:04.661Z] [DB] Q | {"sql":"SELECT id, reward_key, rarity, image_url, status, source, game_id, created_at FROM player_loot_rewar","rows":2,"ms":39}
[2026-04-20T16:52:49.593Z] [WARN] Notification guard ACTIVE — outgoing Telegram messages are suppressed | {"bot":"main-bot","allow_admins":false}
[2026-04-20T16:52:49.605Z] [INFO] =============================
[2026-04-20T16:52:49.606Z] [INFO]   AIRSOFT CLUB BOT + APP v2  
[2026-04-20T16:52:49.606Z] [INFO] =============================
[2026-04-20T16:52:49.607Z] [INFO] Connecting MySQL... | {"host":"s5.thehost.com.ua","database":"airsoft_test_db"}
[2026-04-20T16:52:49.857Z] [INFO] MySQL OK
[2026-04-20T16:52:49.956Z] [DB] Q | {"sql":"SELECT COUNT(*) as c FROM players","rows":1,"ms":99}
[2026-04-20T16:52:50.046Z] [DB] Q | {"sql":"SELECT COUNT(*) as c FROM teams","rows":1,"ms":88}
[2026-04-20T16:52:50.131Z] [DB] Q | {"sql":"SELECT COUNT(*) as c FROM games","rows":1,"ms":84}
[2026-04-20T16:52:50.132Z] [INFO] DB | {"players":91,"teams":1,"games":5}
[2026-04-20T16:52:50.145Z] [WARN] Notification guard ACTIVE — outgoing Telegram messages are suppressed | {"bot":"api-bot","allow_admins":false}
[2026-04-20T16:52:50.517Z] [INFO] Keep-warm started | {"healthUrl":"https://airsoft-app.onrender.com/api/health","intervalMs":300000}
[2026-04-20T16:52:50.536Z] [INFO] Bot running!
[2026-04-20T16:52:50.537Z] [INFO] Express server on port 1488
[2026-04-20T16:52:50.537Z] [INFO] Mini App URL: http://localhost:1488
[2026-04-20T16:52:53.081Z] [INFO] Connecting MySQL... | {"host":"s5.thehost.com.ua","database":"airsoft_test_db"}
[2026-04-20T16:52:53.337Z] [INFO] MySQL OK
[2026-04-20T16:52:53.436Z] [DB] Q | {"sql":"SELECT column_name AS name, data_type AS type\n     FROM information_schema.columns\n     WHERE table_","rows":6,"ms":97}
[2026-04-20T16:52:53.525Z] [DB] Q | {"sql":"SELECT DISTINCT rp.player_id\n     FROM round_players rp JOIN rounds r ON r.id = rp.round_id\n     WHE","rows":18,"ms":87}
[2026-04-20T16:52:53.611Z] [DB] Q | {"sql":"SELECT player_id FROM game_players WHERE game_id=?","rows":15,"ms":86}
[2026-04-20T16:52:53.711Z] [DB] Q | {"sql":"SELECT r.round_number, rp.game_team, rp.is_alive\n       FROM round_players rp JOIN rounds r ON r.id ","rows":5,"ms":98}
[2026-04-20T16:52:53.745Z] [DB] Q | {"sql":"SELECT r.round_number, rp.game_team, rp.is_alive\n       FROM round_players rp JOIN rounds r ON r.id ","rows":3,"ms":33}
[2026-04-20T16:52:53.780Z] [DB] Q | {"sql":"SELECT r.round_number, rp.game_team, rp.is_alive\n       FROM round_players rp JOIN rounds r ON r.id ","rows":4,"ms":34}
[2026-04-20T16:52:53.815Z] [DB] Q | {"sql":"SELECT r.round_number, rp.game_team, rp.is_alive\n       FROM round_players rp JOIN rounds r ON r.id ","rows":6,"ms":34}
[2026-04-20T16:52:53.851Z] [DB] Q | {"sql":"SELECT r.round_number, rp.game_team, rp.is_alive\n       FROM round_players rp JOIN rounds r ON r.id ","rows":5,"ms":35}
[2026-04-20T16:52:53.885Z] [DB] Q | {"sql":"SELECT r.round_number, rp.game_team, rp.is_alive\n       FROM round_players rp JOIN rounds r ON r.id ","rows":4,"ms":33}
[2026-04-20T16:53:05.942Z] [DEBUG] Keep-warm ping OK | {"status":200}
[2026-04-20T16:53:09.334Z] [DEBUG] API GET /profile | {"body":{}}
[2026-04-20T16:53:09.336Z] [WARN] DEV AUTH BYPASS | {"userId":412606522}
[2026-04-20T16:53:09.469Z] [DB] Q | {"sql":"SELECT * FROM players WHERE telegram_id=?","rows":1,"ms":131}
[2026-04-20T16:53:09.586Z] [DB] Q | {"sql":"SELECT p.*, t.name AS team_name\n       FROM players p LEFT JOIN teams t ON p.team_id = t.id\n       W","rows":1,"ms":114}
[2026-04-20T16:53:09.667Z] [DB] Q | {"sql":"SELECT badge_name, badge_emoji FROM player_badges WHERE player_id = ?","rows":5,"ms":79}
[2026-04-20T16:53:09.780Z] [DB] Q | {"sql":"SELECT g.id, g.date, g.time, g.game_mode, g.status, gp.result, gp.kills_total, gp.deaths_total\n     ","rows":5,"ms":111}
[2026-04-20T16:53:09.878Z] [DB] Q | {"sql":"SELECT winner_game_team, COUNT(*) AS wins\n         FROM rounds\n         WHERE game_id=? AND status='","rows":1,"ms":96}
[2026-04-20T16:53:09.932Z] [DB] Q | {"sql":"SELECT winner_game_team, COUNT(*) AS wins\n         FROM rounds\n         WHERE game_id=? AND status='","rows":2,"ms":52}
[2026-04-20T16:53:09.972Z] [DB] Q | {"sql":"SELECT winner_game_team, COUNT(*) AS wins\n         FROM rounds\n         WHERE game_id=? AND status='","rows":2,"ms":39}
[2026-04-20T16:53:10.011Z] [DB] Q | {"sql":"SELECT winner_game_team, COUNT(*) AS wins\n         FROM rounds\n         WHERE game_id=? AND status='","rows":2,"ms":38}
[2026-04-20T16:53:10.047Z] [DB] Q | {"sql":"SELECT winner_game_team, COUNT(*) AS wins\n         FROM rounds\n         WHERE game_id=? AND status='","rows":2,"ms":34}
[2026-04-20T16:53:10.157Z] [DB] Q | {"sql":"SELECT COUNT(*) AS c\n       FROM round_players rp\n       JOIN rounds r ON r.id = rp.round_id\n       ","rows":1,"ms":109}
[2026-04-20T16:53:10.256Z] [DB] Q | {"sql":"SELECT COUNT(*) AS c\n       FROM round_players rp\n       JOIN rounds r ON r.id = rp.round_id\n       ","rows":1,"ms":97}
[2026-04-20T16:53:10.378Z] [DB] Q | {"sql":"SELECT p.id, p.nickname, p.callsign, p.rating\n       FROM friends f\n       JOIN players p ON p.id = ","rows":2,"ms":120}
[2026-04-20T16:53:10.380Z] [INFO] Profile API | {"tgId":412606522,"isAdmin":true,"admins":[412606522]}
[2026-04-20T16:53:10.414Z] [DEBUG] API GET /friends | {"body":{}}
[2026-04-20T16:53:10.415Z] [WARN] DEV AUTH BYPASS | {"userId":412606522}
[2026-04-20T16:53:10.417Z] [DEBUG] API GET /loot/state | {"body":{}}
[2026-04-20T16:53:10.418Z] [WARN] DEV AUTH BYPASS | {"userId":412606522}
[2026-04-20T16:53:10.423Z] [DEBUG] API GET /survey/status | {"body":{}}
[2026-04-20T16:53:10.424Z] [WARN] DEV AUTH BYPASS | {"userId":412606522}
[2026-04-20T16:53:10.452Z] [DB] Q | {"sql":"SELECT * FROM players WHERE telegram_id=?","rows":1,"ms":36}
[2026-04-20T16:53:10.527Z] [DB] Q | {"sql":"SELECT id FROM players WHERE telegram_id = ?","rows":1,"ms":73}
[2026-04-20T16:53:10.561Z] [DB] Q | {"sql":"SELECT p.id, p.nickname, p.callsign, p.rating\n       FROM friends f\n       JOIN players p ON p.id = ","rows":2,"ms":34}
[2026-04-20T16:53:10.634Z] [DB] Q | {"sql":"SELECT * FROM players WHERE telegram_id=?","rows":1,"ms":209}
[2026-04-20T16:53:10.641Z] [DB] Q | {"sql":"SELECT * FROM players WHERE telegram_id=?","rows":1,"ms":223}
[2026-04-20T16:53:10.644Z] [DB] Q | {"sql":"SELECT f.id, p.nickname, p.callsign, p.rating\n       FROM friends f\n       JOIN players p ON p.id = ","rows":0,"ms":82}
[2026-04-20T16:53:10.677Z] [DB] Q | {"sql":"SELECT * FROM players WHERE telegram_id=?","rows":1,"ms":33}
[2026-04-20T16:53:10.710Z] [DB] Q | {"sql":"SELECT id, created_at\n       FROM player_feedback_surveys\n       WHERE player_id=? AND survey_key=?\n","rows":0,"ms":73}
[2026-04-20T16:53:10.762Z] [DB] Q | {"sql":"SELECT rating FROM players WHERE id=?","rows":1,"ms":83}
[2026-04-20T16:53:10.842Z] [DB] Q | {"sql":"SELECT * FROM player_spins WHERE player_id=?","rows":1,"ms":80}
[2026-04-20T16:53:10.936Z] [DB] Q | {"sql":"SELECT id, reward_key, rarity, image_url, status, source, game_id, created_at FROM player_loot_rewar","rows":2,"ms":93}
[2026-04-20T16:53:40.401Z] [DEBUG] API GET /profile | {"body":{}}
[2026-04-20T16:53:40.402Z] [WARN] DEV AUTH BYPASS | {"userId":412606522}
[2026-04-20T16:53:40.452Z] [DB] Q | {"sql":"SELECT * FROM players WHERE telegram_id=?","rows":1,"ms":49}
[2026-04-20T16:53:40.521Z] [DB] Q | {"sql":"SELECT p.*, t.name AS team_name\n       FROM players p LEFT JOIN teams t ON p.team_id = t.id\n       W","rows":1,"ms":68}
[2026-04-20T16:53:40.601Z] [DB] Q | {"sql":"SELECT badge_name, badge_emoji FROM player_badges WHERE player_id = ?","rows":5,"ms":79}
[2026-04-20T16:53:40.682Z] [DB] Q | {"sql":"SELECT g.id, g.date, g.time, g.game_mode, g.status, gp.result, gp.kills_total, gp.deaths_total\n     ","rows":5,"ms":79}
[2026-04-20T16:53:40.756Z] [DB] Q | {"sql":"SELECT winner_game_team, COUNT(*) AS wins\n         FROM rounds\n         WHERE game_id=? AND status='","rows":1,"ms":73}
[2026-04-20T16:53:40.802Z] [DB] Q | {"sql":"SELECT winner_game_team, COUNT(*) AS wins\n         FROM rounds\n         WHERE game_id=? AND status='","rows":2,"ms":44}
[2026-04-20T16:53:40.841Z] [DB] Q | {"sql":"SELECT winner_game_team, COUNT(*) AS wins\n         FROM rounds\n         WHERE game_id=? AND status='","rows":2,"ms":38}
[2026-04-20T16:53:40.877Z] [DB] Q | {"sql":"SELECT winner_game_team, COUNT(*) AS wins\n         FROM rounds\n         WHERE game_id=? AND status='","rows":2,"ms":34}
[2026-04-20T16:53:40.911Z] [DB] Q | {"sql":"SELECT winner_game_team, COUNT(*) AS wins\n         FROM rounds\n         WHERE game_id=? AND status='","rows":2,"ms":33}
[2026-04-20T16:53:41.031Z] [DB] Q | {"sql":"SELECT COUNT(*) AS c\n       FROM round_players rp\n       JOIN rounds r ON r.id = rp.round_id\n       ","rows":1,"ms":109}
[2026-04-20T16:53:41.132Z] [DB] Q | {"sql":"SELECT COUNT(*) AS c\n       FROM round_players rp\n       JOIN rounds r ON r.id = rp.round_id\n       ","rows":1,"ms":100}
[2026-04-20T16:53:41.208Z] [DB] Q | {"sql":"SELECT p.id, p.nickname, p.callsign, p.rating\n       FROM friends f\n       JOIN players p ON p.id = ","rows":2,"ms":75}
[2026-04-20T16:53:41.210Z] [INFO] Profile API | {"tgId":412606522,"isAdmin":true,"admins":[412606522]}
[2026-04-20T16:53:41.240Z] [DEBUG] API GET /friends | {"body":{}}
[2026-04-20T16:53:41.242Z] [WARN] DEV AUTH BYPASS | {"userId":412606522}
[2026-04-20T16:53:41.244Z] [DEBUG] API GET /loot/state | {"body":{}}
[2026-04-20T16:53:41.245Z] [WARN] DEV AUTH BYPASS | {"userId":412606522}
[2026-04-20T16:53:41.247Z] [DEBUG] API GET /survey/status | {"body":{}}
[2026-04-20T16:53:41.248Z] [WARN] DEV AUTH BYPASS | {"userId":412606522}
[2026-04-20T16:53:41.280Z] [DB] Q | {"sql":"SELECT * FROM players WHERE telegram_id=?","rows":1,"ms":34}
[2026-04-20T16:53:41.283Z] [DB] Q | {"sql":"SELECT * FROM players WHERE telegram_id=?","rows":1,"ms":40}
[2026-04-20T16:53:41.324Z] [DB] Q | {"sql":"SELECT * FROM players WHERE telegram_id=?","rows":1,"ms":75}
[2026-04-20T16:53:41.328Z] [DB] Q | {"sql":"SELECT * FROM players WHERE telegram_id=?","rows":1,"ms":47}
[2026-04-20T16:53:41.371Z] [DB] Q | {"sql":"SELECT id FROM players WHERE telegram_id = ?","rows":1,"ms":88}
[2026-04-20T16:53:41.402Z] [DB] Q | {"sql":"SELECT id, created_at\n       FROM player_feedback_surveys\n       WHERE player_id=? AND survey_key=?\n","rows":0,"ms":75}
[2026-04-20T16:53:41.404Z] [DB] Q | {"sql":"SELECT rating FROM players WHERE id=?","rows":1,"ms":75}
[2026-04-20T16:53:41.419Z] [DB] Q | {"sql":"SELECT p.id, p.nickname, p.callsign, p.rating\n       FROM friends f\n       JOIN players p ON p.id = ","rows":2,"ms":47}
[2026-04-20T16:53:41.480Z] [DB] Q | {"sql":"SELECT * FROM player_spins WHERE player_id=?","rows":1,"ms":75}
[2026-04-20T16:53:41.526Z] [DB] Q | {"sql":"SELECT f.id, p.nickname, p.callsign, p.rating\n       FROM friends f\n       JOIN players p ON p.id = ","rows":0,"ms":106}
[2026-04-20T16:53:41.559Z] [DB] Q | {"sql":"SELECT id, reward_key, rarity, image_url, status, source, game_id, created_at FROM player_loot_rewar","rows":2,"ms":78}
[2026-04-20T16:53:57.838Z] [WARN] Notification guard ACTIVE — outgoing Telegram messages are suppressed | {"bot":"main-bot","allow_admins":false}
[2026-04-20T16:53:57.847Z] [INFO] =============================
[2026-04-20T16:53:57.848Z] [INFO]   AIRSOFT CLUB BOT + APP v2  
[2026-04-20T16:53:57.848Z] [INFO] =============================
[2026-04-20T16:53:57.850Z] [INFO] Connecting MySQL... | {"host":"s5.thehost.com.ua","database":"airsoft_test_db"}
[2026-04-20T16:53:58.113Z] [INFO] MySQL OK
[2026-04-20T16:53:58.203Z] [DB] Q | {"sql":"SELECT COUNT(*) as c FROM players","rows":1,"ms":89}
[2026-04-20T16:53:58.281Z] [DB] Q | {"sql":"SELECT COUNT(*) as c FROM teams","rows":1,"ms":77}
[2026-04-20T16:53:58.396Z] [DB] Q | {"sql":"SELECT COUNT(*) as c FROM games","rows":1,"ms":113}
[2026-04-20T16:53:58.397Z] [INFO] DB | {"players":91,"teams":1,"games":5}
[2026-04-20T16:53:58.408Z] [WARN] Notification guard ACTIVE — outgoing Telegram messages are suppressed | {"bot":"api-bot","allow_admins":false}
[2026-04-20T16:53:58.775Z] [INFO] Keep-warm started | {"healthUrl":"https://airsoft-app.onrender.com/api/health","intervalMs":300000}
[2026-04-20T16:53:58.792Z] [INFO] Bot running!
[2026-04-20T16:53:58.793Z] [INFO] Express server on port 1488
[2026-04-20T16:53:58.794Z] [INFO] Mini App URL: http://localhost:1488
[2026-04-20T16:54:14.628Z] [DEBUG] Keep-warm ping OK | {"status":200}
[2026-04-20T16:54:18.743Z] [WARN] Notification guard ACTIVE — outgoing Telegram messages are suppressed | {"bot":"main-bot","allow_admins":false}
[2026-04-20T16:54:18.752Z] [INFO] =============================
[2026-04-20T16:54:18.753Z] [INFO]   AIRSOFT CLUB BOT + APP v2  
[2026-04-20T16:54:18.754Z] [INFO] =============================
[2026-04-20T16:54:18.755Z] [INFO] Connecting MySQL... | {"host":"s5.thehost.com.ua","database":"airsoft_test_db"}
[2026-04-20T16:54:19.048Z] [INFO] MySQL OK
[2026-04-20T16:54:19.157Z] [DB] Q | {"sql":"SELECT COUNT(*) as c FROM players","rows":1,"ms":107}
[2026-04-20T16:54:19.236Z] [DB] Q | {"sql":"SELECT COUNT(*) as c FROM teams","rows":1,"ms":78}
[2026-04-20T16:54:19.316Z] [DB] Q | {"sql":"SELECT COUNT(*) as c FROM games","rows":1,"ms":80}
[2026-04-20T16:54:19.317Z] [INFO] DB | {"players":91,"teams":1,"games":5}
[2026-04-20T16:54:19.327Z] [WARN] Notification guard ACTIVE — outgoing Telegram messages are suppressed | {"bot":"api-bot","allow_admins":false}
[2026-04-20T16:54:19.717Z] [INFO] Keep-warm started | {"healthUrl":"https://airsoft-app.onrender.com/api/health","intervalMs":300000}
[2026-04-20T16:54:19.740Z] [INFO] Bot running!
[2026-04-20T16:54:19.741Z] [INFO] Express server on port 1488
[2026-04-20T16:54:19.742Z] [INFO] Mini App URL: http://localhost:1488
[2026-04-20T16:54:35.146Z] [DEBUG] Keep-warm ping OK | {"status":200}
[2026-04-20T16:55:02.763Z] [WARN] Notification guard ACTIVE — outgoing Telegram messages are suppressed | {"bot":"main-bot","allow_admins":false}
[2026-04-20T16:55:02.772Z] [INFO] =============================
[2026-04-20T16:55:02.773Z] [INFO]   AIRSOFT CLUB BOT + APP v2  
[2026-04-20T16:55:02.774Z] [INFO] =============================
[2026-04-20T16:55:02.775Z] [INFO] Connecting MySQL... | {"host":"s5.thehost.com.ua","database":"airsoft_test_db"}
[2026-04-20T16:55:03.048Z] [INFO] MySQL OK
[2026-04-20T16:55:03.145Z] [DB] Q | {"sql":"SELECT COUNT(*) as c FROM players","rows":1,"ms":95}
[2026-04-20T16:55:03.255Z] [DB] Q | {"sql":"SELECT COUNT(*) as c FROM teams","rows":1,"ms":110}
[2026-04-20T16:55:03.365Z] [DB] Q | {"sql":"SELECT COUNT(*) as c FROM games","rows":1,"ms":109}
[2026-04-20T16:55:03.366Z] [INFO] DB | {"players":91,"teams":1,"games":5}
[2026-04-20T16:55:03.379Z] [WARN] Notification guard ACTIVE — outgoing Telegram messages are suppressed | {"bot":"api-bot","allow_admins":false}
[2026-04-20T16:55:03.724Z] [INFO] Keep-warm started | {"healthUrl":"https://airsoft-app.onrender.com/api/health","intervalMs":300000}
[2026-04-20T16:55:03.742Z] [INFO] Bot running!
[2026-04-20T16:55:03.744Z] [INFO] Express server on port 1488
[2026-04-20T16:55:03.744Z] [INFO] Mini App URL: http://localhost:1488
[2026-04-20T16:55:08.725Z] [WARN] Notification guard ACTIVE — outgoing Telegram messages are suppressed | {"bot":"api-bot","allow_admins":false}
[2026-04-20T16:55:19.228Z] [DEBUG] Keep-warm ping OK | {"status":200}
[2026-04-20T16:55:25.062Z] [WARN] Notification guard ACTIVE — outgoing Telegram messages are suppressed | {"bot":"main-bot","allow_admins":false}
[2026-04-20T16:55:25.073Z] [INFO] =============================
[2026-04-20T16:55:25.075Z] [INFO]   AIRSOFT CLUB BOT + APP v2  
[2026-04-20T16:55:25.075Z] [INFO] =============================
[2026-04-20T16:55:25.076Z] [INFO] Connecting MySQL... | {"host":"s5.thehost.com.ua","database":"airsoft_test_db"}
[2026-04-20T16:55:25.353Z] [INFO] MySQL OK
[2026-04-20T16:55:25.426Z] [DB] Q | {"sql":"SELECT COUNT(*) as c FROM players","rows":1,"ms":72}
[2026-04-20T16:55:25.505Z] [DB] Q | {"sql":"SELECT COUNT(*) as c FROM teams","rows":1,"ms":79}
[2026-04-20T16:55:25.585Z] [DB] Q | {"sql":"SELECT COUNT(*) as c FROM games","rows":1,"ms":79}
[2026-04-20T16:55:25.586Z] [INFO] DB | {"players":91,"teams":1,"games":5}
[2026-04-20T16:55:25.596Z] [WARN] Notification guard ACTIVE — outgoing Telegram messages are suppressed | {"bot":"api-bot","allow_admins":false}
[2026-04-20T16:55:25.920Z] [INFO] Keep-warm started | {"healthUrl":"https://airsoft-app.onrender.com/api/health","intervalMs":300000}
[2026-04-20T16:55:25.941Z] [INFO] Bot running!
[2026-04-20T16:55:25.943Z] [INFO] Express server on port 1488
[2026-04-20T16:55:25.943Z] [INFO] Mini App URL: http://localhost:1488
[2026-04-20T16:55:30.291Z] [WARN] Notification guard ACTIVE — outgoing Telegram messages are suppressed | {"bot":"main-bot","allow_admins":false}
[2026-04-20T16:55:30.302Z] [INFO] =============================
[2026-04-20T16:55:30.303Z] [INFO]   AIRSOFT CLUB BOT + APP v2  
[2026-04-20T16:55:30.304Z] [INFO] =============================
[2026-04-20T16:55:30.305Z] [INFO] Connecting MySQL... | {"host":"s5.thehost.com.ua","database":"airsoft_test_db"}
[2026-04-20T16:55:30.583Z] [INFO] MySQL OK
[2026-04-20T16:55:30.691Z] [DB] Q | {"sql":"SELECT COUNT(*) as c FROM players","rows":1,"ms":88}
[2026-04-20T16:55:30.791Z] [DB] Q | {"sql":"SELECT COUNT(*) as c FROM teams","rows":1,"ms":100}
[2026-04-20T16:55:30.861Z] [DB] Q | {"sql":"SELECT COUNT(*) as c FROM games","rows":1,"ms":68}
[2026-04-20T16:55:30.862Z] [INFO] DB | {"players":91,"teams":1,"games":5}
[2026-04-20T16:55:30.874Z] [WARN] Notification guard ACTIVE — outgoing Telegram messages are suppressed | {"bot":"api-bot","allow_admins":false}
[2026-04-20T16:55:31.225Z] [INFO] Keep-warm started | {"healthUrl":"https://airsoft-app.onrender.com/api/health","intervalMs":300000}
[2026-04-20T16:55:31.243Z] [INFO] Bot running!
[2026-04-20T16:55:31.244Z] [INFO] Express server on port 1488
[2026-04-20T16:55:31.245Z] [INFO] Mini App URL: http://localhost:1488
[2026-04-20T16:55:45.026Z] [INFO] Connecting MySQL... | {"host":"s5.thehost.com.ua","database":"airsoft_test_db"}
[2026-04-20T16:55:45.354Z] [INFO] MySQL OK
[2026-04-20T16:55:45.437Z] [DB] Q | {"sql":"SELECT player_id FROM game_players WHERE game_id=?","rows":15,"ms":81}
[2026-04-20T16:55:45.517Z] [DB] Q | {"sql":"SELECT DISTINCT rp.player_id\n     FROM round_players rp JOIN rounds r ON r.id = rp.round_id\n     WHE","rows":18,"ms":79}
[2026-04-20T16:55:45.637Z] [DB] Q | {"sql":"SELECT rp.player_id, rp.game_team\n     FROM round_players rp\n     JOIN rounds r ON r.id = rp.round_i","rows":18,"ms":118}
[2026-04-20T16:55:45.763Z] [DB] Q | {"sql":"SELECT rp.player_id, MIN(r.started_at) AS first_seen\n     FROM round_players rp JOIN rounds r ON r.i","rows":18,"ms":124}
[2026-04-20T16:55:45.866Z] [DB] Q | {"sql":"SELECT id, COALESCE(callsign, nickname) AS name FROM players WHERE id=?","rows":1,"ms":102}
[2026-04-20T16:55:46.017Z] [DB] INS | {"sql":"INSERT INTO game_players (game_id, player_id, attendance, game_team, checkin_time)\n       VALUES (?,","id":153,"ms":150}
[2026-04-20T16:55:46.056Z] [DB] Q | {"sql":"SELECT id, COALESCE(callsign, nickname) AS name FROM players WHERE id=?","rows":1,"ms":38}
[2026-04-20T16:55:46.096Z] [DB] INS | {"sql":"INSERT INTO game_players (game_id, player_id, attendance, game_team, checkin_time)\n       VALUES (?,","id":154,"ms":39}
[2026-04-20T16:55:46.136Z] [DB] Q | {"sql":"SELECT id, COALESCE(callsign, nickname) AS name FROM players WHERE id=?","rows":1,"ms":39}
[2026-04-20T16:55:46.181Z] [DB] INS | {"sql":"INSERT INTO game_players (game_id, player_id, attendance, game_team, checkin_time)\n       VALUES (?,","id":155,"ms":45}
[2026-04-20T16:55:46.272Z] [DB] Q | {"sql":"SELECT COUNT(*) AS c FROM game_players WHERE game_id=? AND result IS NOT NULL AND result<>''","rows":1,"ms":89}
[2026-04-20T16:55:46.476Z] [WARN] Notification guard ACTIVE — outgoing Telegram messages are suppressed | {"bot":"api-bot","allow_admins":false}
[2026-04-20T16:55:46.483Z] [INFO] === CALCULATING SCORES === | {"gid":5}
[2026-04-20T16:55:46.578Z] [DB] Q | {"sql":"SELECT * FROM games WHERE id=?","rows":1,"ms":93}
[2026-04-20T16:55:46.627Z] [DEBUG] Keep-warm ping OK | {"status":200}
[2026-04-20T16:55:46.656Z] [DB] Q | {"sql":"SELECT winner_game_team, COUNT(*) as wins FROM rounds WHERE game_id=? AND status='finished' AND winn","rows":1,"ms":78}
[2026-04-20T16:55:46.746Z] [DB] Q | {"sql":"SELECT killed_player_id, COUNT(*) as deaths FROM round_kills WHERE game_id=? GROUP BY killed_player_","rows":16,"ms":89}
[2026-04-20T16:55:46.827Z] [DB] Q | {"sql":"SELECT gp.*, p.rating\n     FROM game_players gp\n     JOIN players p ON p.id = gp.player_id\n     WHER","rows":18,"ms":80}
[2026-04-20T16:55:46.918Z] [DB] Q | {"sql":"SELECT\n        rp.player_id,\n        SUM(CASE WHEN rp.is_alive=1 THEN 1 ELSE 0 END) AS rounds_surviv","rows":18,"ms":90}
[2026-04-20T16:55:46.919Z] [INFO] Score multiplier | {"playerCount":18,"multiplier":"1.61","checkedInCount":18,"missingRoundParticipants":0}
[2026-04-20T16:55:47.050Z] [DB] INS | {"sql":"UPDATE players SET games_played=games_played+1, wins=wins+?, total_deaths=total_deaths+?, rating=rat","id":0,"ms":130}
[2026-04-20T16:55:47.161Z] [DB] INS | {"sql":"UPDATE game_players SET deaths_total=?, result=? WHERE game_id=? AND player_id=?","id":0,"ms":109}
[2026-04-20T16:55:47.162Z] [INFO] Player scored | {"player":1,"myRating":93,"avgOpponentRating":25,"ratingDiff":-68,"difficultyFactor":"0.93","isDraw":false,"isWinner":false,"outcomeOnly":false,"deaths":3,"rawDeaths":3,"roundsSurvived":"3","roundsAliveAndWon":"0","roundsAliveLost":"3","multiplier":"1.61","basePts":8,"performanceRaw":19,"performancePts":18,"total":26}
[2026-04-20T16:55:47.242Z] [DB] Q | {"sql":"SELECT * FROM players WHERE id=?","rows":1,"ms":80}
[2026-04-20T16:55:47.336Z] [DB] Q | {"sql":"SELECT badge_name FROM player_badges WHERE player_id=?","rows":5,"ms":91}
[2026-04-20T16:55:47.417Z] [DB] INS | {"sql":"INSERT INTO player_badges (player_id,badge_name,badge_emoji) VALUES (?,?,?)","id":92,"ms":79}
[2026-04-20T16:55:47.417Z] [INFO] Badge awarded | {"playerId":1,"badge":"MVP Spark"}
[2026-04-20T16:55:47.471Z] [DB] INS | {"sql":"INSERT INTO player_badges (player_id,badge_name,badge_emoji) VALUES (?,?,?)","id":93,"ms":51}
[2026-04-20T16:55:47.471Z] [INFO] Badge awarded | {"playerId":1,"badge":"Officer"}
[2026-04-20T16:55:47.511Z] [DB] INS | {"sql":"UPDATE players SET games_played=games_played+1, wins=wins+?, total_deaths=total_deaths+?, rating=rat","id":0,"ms":39}
[2026-04-20T16:55:47.559Z] [DB] INS | {"sql":"UPDATE game_players SET deaths_total=?, result=? WHERE game_id=? AND player_id=?","id":0,"ms":47}
[2026-04-20T16:55:47.560Z] [INFO] Player scored | {"player":3,"myRating":75,"avgOpponentRating":25,"ratingDiff":-50,"difficultyFactor":"0.95","isDraw":false,"isWinner":false,"outcomeOnly":false,"deaths":3,"rawDeaths":3,"roundsSurvived":"3","roundsAliveAndWon":"0","roundsAliveLost":"3","multiplier":"1.61","basePts":8,"performanceRaw":19,"performancePts":18,"total":26}
[2026-04-20T16:55:47.601Z] [DB] Q | {"sql":"SELECT * FROM players WHERE id=?","rows":1,"ms":40}
[2026-04-20T16:55:47.641Z] [DB] Q | {"sql":"SELECT badge_name FROM player_badges WHERE player_id=?","rows":6,"ms":39}
[2026-04-20T16:55:47.681Z] [DB] INS | {"sql":"INSERT INTO player_badges (player_id,badge_name,badge_emoji) VALUES (?,?,?)","id":94,"ms":39}
[2026-04-20T16:55:47.682Z] [INFO] Badge awarded | {"playerId":3,"badge":"Officer"}
[2026-04-20T16:55:47.721Z] [DB] INS | {"sql":"UPDATE players SET games_played=games_played+1, wins=wins+?, total_deaths=total_deaths+?, rating=rat","id":0,"ms":38}
[2026-04-20T16:55:47.761Z] [DB] INS | {"sql":"UPDATE game_players SET deaths_total=?, result=? WHERE game_id=? AND player_id=?","id":0,"ms":39}
[2026-04-20T16:55:47.762Z] [INFO] Player scored | {"player":4,"myRating":75,"avgOpponentRating":28,"ratingDiff":-47,"difficultyFactor":"0.95","isDraw":false,"isWinner":true,"outcomeOnly":false,"deaths":2,"rawDeaths":2,"roundsSurvived":"4","roundsAliveAndWon":"4","roundsAliveLost":"0","multiplier":"1.61","basePts":8,"performanceRaw":48,"performancePts":46,"total":54}
[2026-04-20T16:55:47.801Z] [DB] Q | {"sql":"SELECT * FROM players WHERE id=?","rows":1,"ms":38}
[2026-04-20T16:55:47.841Z] [DB] Q | {"sql":"SELECT badge_name FROM player_badges WHERE player_id=?","rows":5,"ms":39}
[2026-04-20T16:55:47.881Z] [DB] INS | {"sql":"INSERT INTO player_badges (player_id,badge_name,badge_emoji) VALUES (?,?,?)","id":95,"ms":38}
[2026-04-20T16:55:47.881Z] [INFO] Badge awarded | {"playerId":4,"badge":"Double Down"}
[2026-04-20T16:55:47.920Z] [DB] INS | {"sql":"INSERT INTO player_badges (player_id,badge_name,badge_emoji) VALUES (?,?,?)","id":96,"ms":38}
[2026-04-20T16:55:47.922Z] [INFO] Badge awarded | {"playerId":4,"badge":"MVP Spark"}
[2026-04-20T16:55:47.977Z] [DB] INS | {"sql":"INSERT INTO player_badges (player_id,badge_name,badge_emoji) VALUES (?,?,?)","id":97,"ms":52}
[2026-04-20T16:55:47.978Z] [INFO] Badge awarded | {"playerId":4,"badge":"Officer"}
[2026-04-20T16:55:48.026Z] [DB] INS | {"sql":"UPDATE players SET games_played=games_played+1, wins=wins+?, total_deaths=total_deaths+?, rating=rat","id":0,"ms":47}
[2026-04-20T16:55:48.066Z] [DB] INS | {"sql":"UPDATE game_players SET deaths_total=?, result=? WHERE game_id=? AND player_id=?","id":0,"ms":39}
[2026-04-20T16:55:48.066Z] [INFO] Player scored | {"player":6,"myRating":12,"avgOpponentRating":28,"ratingDiff":16,"difficultyFactor":"1.02","isDraw":false,"isWinner":true,"outcomeOnly":false,"deaths":3,"rawDeaths":3,"roundsSurvived":"3","roundsAliveAndWon":"3","roundsAliveLost":"0","multiplier":"1.61","basePts":8,"performanceRaw":40,"performancePts":41,"total":49}
[2026-04-20T16:55:48.136Z] [DB] Q | {"sql":"SELECT * FROM players WHERE id=?","rows":1,"ms":69}
[2026-04-20T16:55:48.175Z] [DB] Q | {"sql":"SELECT badge_name FROM player_badges WHERE player_id=?","rows":0,"ms":38}
[2026-04-20T16:55:48.226Z] [DB] INS | {"sql":"INSERT INTO player_badges (player_id,badge_name,badge_emoji) VALUES (?,?,?)","id":98,"ms":50}
[2026-04-20T16:55:48.227Z] [INFO] Badge awarded | {"playerId":6,"badge":"Recruit"}
[2026-04-20T16:55:48.296Z] [DB] INS | {"sql":"INSERT INTO player_badges (player_id,badge_name,badge_emoji) VALUES (?,?,?)","id":99,"ms":69}
[2026-04-20T16:55:48.297Z] [INFO] Badge awarded | {"playerId":6,"badge":"First Blood"}
[2026-04-20T16:55:48.350Z] [DB] INS | {"sql":"INSERT INTO player_badges (player_id,badge_name,badge_emoji) VALUES (?,?,?)","id":100,"ms":52}
[2026-04-20T16:55:48.350Z] [INFO] Badge awarded | {"playerId":6,"badge":"Rookie Rank"}
[2026-04-20T16:55:48.396Z] [DB] INS | {"sql":"INSERT INTO player_badges (player_id,badge_name,badge_emoji) VALUES (?,?,?)","id":101,"ms":43}
[2026-04-20T16:55:48.397Z] [INFO] Badge awarded | {"playerId":6,"badge":"Soldier"}
[2026-04-20T16:55:48.446Z] [DB] INS | {"sql":"UPDATE players SET games_played=games_played+1, wins=wins+?, total_deaths=total_deaths+?, rating=rat","id":0,"ms":47}
[2026-04-20T16:55:48.495Z] [DB] INS | {"sql":"UPDATE game_players SET deaths_total=?, result=? WHERE game_id=? AND player_id=?","id":0,"ms":49}
[2026-04-20T16:55:48.496Z] [INFO] Player scored | {"player":7,"myRating":0,"avgOpponentRating":28,"ratingDiff":28,"difficultyFactor":"1.03","isDraw":false,"isWinner":true,"outcomeOnly":false,"deaths":2,"rawDeaths":2,"roundsSurvived":"3","roundsAliveAndWon":"3","roundsAliveLost":"0","multiplier":"1.61","basePts":8,"performanceRaw":40,"performancePts":41,"total":49}
[2026-04-20T16:55:48.536Z] [DB] Q | {"sql":"SELECT * FROM players WHERE id=?","rows":1,"ms":40}
[2026-04-20T16:55:48.576Z] [DB] Q | {"sql":"SELECT badge_name FROM player_badges WHERE player_id=?","rows":0,"ms":39}
[2026-04-20T16:55:48.621Z] [DB] INS | {"sql":"INSERT INTO player_badges (player_id,badge_name,badge_emoji) VALUES (?,?,?)","id":102,"ms":44}
[2026-04-20T16:55:48.622Z] [INFO] Badge awarded | {"playerId":7,"badge":"Recruit"}
[2026-04-20T16:55:48.681Z] [DB] INS | {"sql":"INSERT INTO player_badges (player_id,badge_name,badge_emoji) VALUES (?,?,?)","id":103,"ms":58}
[2026-04-20T16:55:48.682Z] [INFO] Badge awarded | {"playerId":7,"badge":"First Blood"}
[2026-04-20T16:55:48.741Z] [DB] INS | {"sql":"INSERT INTO player_badges (player_id,badge_name,badge_emoji) VALUES (?,?,?)","id":104,"ms":58}
[2026-04-20T16:55:48.742Z] [INFO] Badge awarded | {"playerId":7,"badge":"Rookie Rank"}
[2026-04-20T16:55:48.796Z] [DB] INS | {"sql":"UPDATE players SET games_played=games_played+1, wins=wins+?, total_deaths=total_deaths+?, rating=rat","id":0,"ms":53}
[2026-04-20T16:55:48.835Z] [DB] INS | {"sql":"UPDATE game_players SET deaths_total=?, result=? WHERE game_id=? AND player_id=?","id":0,"ms":39}
[2026-04-20T16:55:48.837Z] [INFO] Player scored | {"player":14,"myRating":96,"avgOpponentRating":28,"ratingDiff":-68,"difficultyFactor":"0.93","isDraw":false,"isWinner":true,"outcomeOnly":false,"deaths":0,"rawDeaths":0,"roundsSurvived":"3","roundsAliveAndWon":"3","roundsAliveLost":"0","multiplier":"1.61","basePts":8,"performanceRaw":40,"performancePts":38,"total":46}
[2026-04-20T16:55:48.876Z] [DB] Q | {"sql":"SELECT * FROM players WHERE id=?","rows":1,"ms":38}
[2026-04-20T16:55:48.916Z] [DB] Q | {"sql":"SELECT badge_name FROM player_badges WHERE player_id=?","rows":5,"ms":40}
[2026-04-20T16:55:48.956Z] [DB] INS | {"sql":"INSERT INTO player_badges (player_id,badge_name,badge_emoji) VALUES (?,?,?)","id":105,"ms":38}
[2026-04-20T16:55:48.956Z] [INFO] Badge awarded | {"playerId":14,"badge":"Initiate"}
[2026-04-20T16:55:48.996Z] [DB] INS | {"sql":"INSERT INTO player_badges (player_id,badge_name,badge_emoji) VALUES (?,?,?)","id":106,"ms":39}
[2026-04-20T16:55:48.997Z] [INFO] Badge awarded | {"playerId":14,"badge":"Triple Play"}
[2026-04-20T16:55:49.050Z] [DB] INS | {"sql":"INSERT INTO player_badges (player_id,badge_name,badge_emoji) VALUES (?,?,?)","id":107,"ms":53}
[2026-04-20T16:55:49.051Z] [INFO] Badge awarded | {"playerId":14,"badge":"Officer"}
[2026-04-20T16:55:49.102Z] [DB] INS | {"sql":"UPDATE players SET games_played=games_played+1, wins=wins+?, total_deaths=total_deaths+?, rating=rat","id":0,"ms":51}
[2026-04-20T16:55:49.156Z] [DB] INS | {"sql":"UPDATE game_players SET deaths_total=?, result=? WHERE game_id=? AND player_id=?","id":0,"ms":52}
[2026-04-20T16:55:49.157Z] [INFO] Player scored | {"player":15,"myRating":0,"avgOpponentRating":25,"ratingDiff":25,"difficultyFactor":"1.02","isDraw":false,"isWinner":false,"outcomeOnly":false,"deaths":3,"rawDeaths":3,"roundsSurvived":"3","roundsAliveAndWon":"0","roundsAliveLost":"3","multiplier":"1.61","basePts":8,"performanceRaw":19,"performancePts":20,"total":28}
[2026-04-20T16:55:49.210Z] [DB] Q | {"sql":"SELECT * FROM players WHERE id=?","rows":1,"ms":52}
[2026-04-20T16:55:49.275Z] [DB] Q | {"sql":"SELECT badge_name FROM player_badges WHERE player_id=?","rows":0,"ms":65}
[2026-04-20T16:55:49.336Z] [DB] INS | {"sql":"INSERT INTO player_badges (player_id,badge_name,badge_emoji) VALUES (?,?,?)","id":108,"ms":60}
[2026-04-20T16:55:49.337Z] [INFO] Badge awarded | {"playerId":15,"badge":"Recruit"}
[2026-04-20T16:55:49.390Z] [DB] INS | {"sql":"INSERT INTO player_badges (player_id,badge_name,badge_emoji) VALUES (?,?,?)","id":109,"ms":53}
[2026-04-20T16:55:49.391Z] [INFO] Badge awarded | {"playerId":15,"badge":"Rookie Rank"}
[2026-04-20T16:55:49.450Z] [DB] INS | {"sql":"UPDATE players SET games_played=games_played+1, wins=wins+?, total_deaths=total_deaths+?, rating=rat","id":0,"ms":59}
[2026-04-20T16:55:49.500Z] [DB] INS | {"sql":"UPDATE game_players SET deaths_total=?, result=? WHERE game_id=? AND player_id=?","id":0,"ms":49}
[2026-04-20T16:55:49.501Z] [INFO] Player scored | {"player":25,"myRating":85,"avgOpponentRating":25,"ratingDiff":-60,"difficultyFactor":"0.94","isDraw":false,"isWinner":false,"outcomeOnly":false,"deaths":3,"rawDeaths":3,"roundsSurvived":"3","roundsAliveAndWon":"0","roundsAliveLost":"3","multiplier":"1.61","basePts":8,"performanceRaw":19,"performancePts":18,"total":26}
[2026-04-20T16:55:49.541Z] [DB] Q | {"sql":"SELECT * FROM players WHERE id=?","rows":1,"ms":38}
[2026-04-20T16:55:49.580Z] [DB] Q | {"sql":"SELECT badge_name FROM player_badges WHERE player_id=?","rows":5,"ms":39}
[2026-04-20T16:55:49.621Z] [DB] INS | {"sql":"INSERT INTO player_badges (player_id,badge_name,badge_emoji) VALUES (?,?,?)","id":110,"ms":39}
[2026-04-20T16:55:49.621Z] [INFO] Badge awarded | {"playerId":25,"badge":"Officer"}
[2026-04-20T16:55:49.696Z] [DB] INS | {"sql":"UPDATE players SET games_played=games_played+1, wins=wins+?, total_deaths=total_deaths+?, rating=rat","id":0,"ms":74}
[2026-04-20T16:55:49.736Z] [DB] INS | {"sql":"UPDATE game_players SET deaths_total=?, result=? WHERE game_id=? AND player_id=?","id":0,"ms":39}
[2026-04-20T16:55:49.737Z] [INFO] Player scored | {"player":65,"myRating":42,"avgOpponentRating":28,"ratingDiff":-14,"difficultyFactor":"0.99","isDraw":false,"isWinner":true,"outcomeOnly":false,"deaths":1,"rawDeaths":1,"roundsSurvived":"5","roundsAliveAndWon":"5","roundsAliveLost":"0","multiplier":"1.61","basePts":8,"performanceRaw":56,"performancePts":56,"total":64}
[2026-04-20T16:55:49.781Z] [DB] Q | {"sql":"SELECT * FROM players WHERE id=?","rows":1,"ms":43}
[2026-04-20T16:55:49.836Z] [DB] Q | {"sql":"SELECT badge_name FROM player_badges WHERE player_id=?","rows":2,"ms":53}
[2026-04-20T16:55:49.876Z] [DB] INS | {"sql":"INSERT INTO player_badges (player_id,badge_name,badge_emoji) VALUES (?,?,?)","id":111,"ms":39}
[2026-04-20T16:55:49.876Z] [INFO] Badge awarded | {"playerId":65,"badge":"Initiate"}
[2026-04-20T16:55:49.916Z] [DB] INS | {"sql":"INSERT INTO player_badges (player_id,badge_name,badge_emoji) VALUES (?,?,?)","id":112,"ms":39}
[2026-04-20T16:55:49.917Z] [INFO] Badge awarded | {"playerId":65,"badge":"First Blood"}
[2026-04-20T16:55:49.981Z] [DB] INS | {"sql":"INSERT INTO player_badges (player_id,badge_name,badge_emoji) VALUES (?,?,?)","id":113,"ms":62}
[2026-04-20T16:55:49.982Z] [INFO] Badge awarded | {"playerId":65,"badge":"MVP Spark"}
[2026-04-20T16:55:50.036Z] [DB] INS | {"sql":"INSERT INTO player_badges (player_id,badge_name,badge_emoji) VALUES (?,?,?)","id":114,"ms":52}
[2026-04-20T16:55:50.037Z] [INFO] Badge awarded | {"playerId":65,"badge":"Soldier"}
[2026-04-20T16:55:50.075Z] [DB] INS | {"sql":"INSERT INTO player_badges (player_id,badge_name,badge_emoji) VALUES (?,?,?)","id":115,"ms":38}
[2026-04-20T16:55:50.076Z] [INFO] Badge awarded | {"playerId":65,"badge":"Officer"}
[2026-04-20T16:55:50.116Z] [DB] INS | {"sql":"UPDATE players SET games_played=games_played+1, wins=wins+?, total_deaths=total_deaths+?, rating=rat","id":0,"ms":38}
[2026-04-20T16:55:50.156Z] [DB] INS | {"sql":"UPDATE game_players SET deaths_total=?, result=? WHERE game_id=? AND player_id=?","id":0,"ms":38}
[2026-04-20T16:55:50.156Z] [INFO] Player scored | {"player":66,"myRating":0,"avgOpponentRating":25,"ratingDiff":25,"difficultyFactor":"1.02","isDraw":false,"isWinner":false,"outcomeOnly":false,"deaths":2,"rawDeaths":2,"roundsSurvived":"4","roundsAliveAndWon":"0","roundsAliveLost":"4","multiplier":"1.61","basePts":8,"performanceRaw":26,"performancePts":26,"total":34}
[2026-04-20T16:55:50.196Z] [DB] Q | {"sql":"SELECT * FROM players WHERE id=?","rows":1,"ms":39}
[2026-04-20T16:55:50.261Z] [DB] Q | {"sql":"SELECT badge_name FROM player_badges WHERE player_id=?","rows":0,"ms":63}
[2026-04-20T16:55:50.338Z] [DB] INS | {"sql":"INSERT INTO player_badges (player_id,badge_name,badge_emoji) VALUES (?,?,?)","id":116,"ms":77}
[2026-04-20T16:55:50.339Z] [INFO] Badge awarded | {"playerId":66,"badge":"Recruit"}
[2026-04-20T16:55:50.410Z] [DB] INS | {"sql":"INSERT INTO player_badges (player_id,badge_name,badge_emoji) VALUES (?,?,?)","id":117,"ms":70}
[2026-04-20T16:55:50.410Z] [INFO] Badge awarded | {"playerId":66,"badge":"Rookie Rank"}
[2026-04-20T16:55:50.464Z] [DB] INS | {"sql":"UPDATE players SET games_played=games_played+1, wins=wins+?, total_deaths=total_deaths+?, rating=rat","id":0,"ms":53}
[2026-04-20T16:55:50.526Z] [DB] INS | {"sql":"UPDATE game_players SET deaths_total=?, result=? WHERE game_id=? AND player_id=?","id":0,"ms":60}
[2026-04-20T16:55:50.526Z] [INFO] Player scored | {"player":135,"myRating":0,"avgOpponentRating":28,"ratingDiff":28,"difficultyFactor":"1.03","isDraw":false,"isWinner":true,"outcomeOnly":false,"deaths":1,"rawDeaths":1,"roundsSurvived":"5","roundsAliveAndWon":"5","roundsAliveLost":"0","multiplier":"1.61","basePts":8,"performanceRaw":56,"performancePts":58,"total":66}
[2026-04-20T16:55:50.566Z] [DB] Q | {"sql":"SELECT * FROM players WHERE id=?","rows":1,"ms":39}
[2026-04-20T16:55:50.636Z] [DB] Q | {"sql":"SELECT badge_name FROM player_badges WHERE player_id=?","rows":0,"ms":65}
[2026-04-20T16:55:50.741Z] [DB] INS | {"sql":"INSERT INTO player_badges (player_id,badge_name,badge_emoji) VALUES (?,?,?)","id":118,"ms":103}
[2026-04-20T16:55:50.742Z] [INFO] Badge awarded | {"playerId":135,"badge":"Recruit"}
[2026-04-20T16:55:50.797Z] [DB] INS | {"sql":"INSERT INTO player_badges (player_id,badge_name,badge_emoji) VALUES (?,?,?)","id":119,"ms":54}
[2026-04-20T16:55:50.798Z] [INFO] Badge awarded | {"playerId":135,"badge":"First Blood"}
[2026-04-20T16:55:50.837Z] [DB] INS | {"sql":"INSERT INTO player_badges (player_id,badge_name,badge_emoji) VALUES (?,?,?)","id":120,"ms":39}
[2026-04-20T16:55:50.838Z] [INFO] Badge awarded | {"playerId":135,"badge":"Rookie Rank"}
[2026-04-20T16:55:50.896Z] [DB] INS | {"sql":"INSERT INTO player_badges (player_id,badge_name,badge_emoji) VALUES (?,?,?)","id":121,"ms":56}
[2026-04-20T16:55:50.896Z] [INFO] Badge awarded | {"playerId":135,"badge":"Soldier"}
[2026-04-20T16:55:50.936Z] [DB] INS | {"sql":"UPDATE players SET games_played=games_played+1, wins=wins+?, total_deaths=total_deaths+?, rating=rat","id":0,"ms":38}
[2026-04-20T16:55:50.996Z] [DB] INS | {"sql":"UPDATE game_players SET deaths_total=?, result=? WHERE game_id=? AND player_id=?","id":0,"ms":59}
[2026-04-20T16:55:50.996Z] [INFO] Player scored | {"player":146,"myRating":0,"avgOpponentRating":25,"ratingDiff":25,"difficultyFactor":"1.02","isDraw":false,"isWinner":false,"outcomeOnly":false,"deaths":3,"rawDeaths":3,"roundsSurvived":"1","roundsAliveAndWon":"0","roundsAliveLost":"1","multiplier":"1.61","basePts":8,"performanceRaw":6,"performancePts":7,"total":15}
[2026-04-20T16:55:51.036Z] [DB] Q | {"sql":"SELECT * FROM players WHERE id=?","rows":1,"ms":39}
[2026-04-20T16:55:51.100Z] [DB] Q | {"sql":"SELECT badge_name FROM player_badges WHERE player_id=?","rows":0,"ms":63}
[2026-04-20T16:55:51.156Z] [DB] INS | {"sql":"INSERT INTO player_badges (player_id,badge_name,badge_emoji) VALUES (?,?,?)","id":122,"ms":55}
[2026-04-20T16:55:51.157Z] [INFO] Badge awarded | {"playerId":146,"badge":"Recruit"}
[2026-04-20T16:55:51.196Z] [DB] INS | {"sql":"UPDATE players SET games_played=games_played+1, wins=wins+?, total_deaths=total_deaths+?, rating=rat","id":0,"ms":38}
[2026-04-20T16:55:51.261Z] [DB] INS | {"sql":"UPDATE game_players SET deaths_total=?, result=? WHERE game_id=? AND player_id=?","id":0,"ms":64}
[2026-04-20T16:55:51.262Z] [INFO] Player scored | {"player":160,"myRating":0,"avgOpponentRating":25,"ratingDiff":25,"difficultyFactor":"1.02","isDraw":false,"isWinner":false,"outcomeOnly":false,"deaths":3,"rawDeaths":3,"roundsSurvived":"3","roundsAliveAndWon":"0","roundsAliveLost":"3","multiplier":"1.61","basePts":8,"performanceRaw":19,"performancePts":20,"total":28}
[2026-04-20T16:55:51.307Z] [DB] Q | {"sql":"SELECT * FROM players WHERE id=?","rows":1,"ms":45}
[2026-04-20T16:55:51.376Z] [DB] Q | {"sql":"SELECT badge_name FROM player_badges WHERE player_id=?","rows":0,"ms":67}
[2026-04-20T16:55:51.429Z] [DB] INS | {"sql":"INSERT INTO player_badges (player_id,badge_name,badge_emoji) VALUES (?,?,?)","id":123,"ms":53}
[2026-04-20T16:55:51.430Z] [INFO] Badge awarded | {"playerId":160,"badge":"Recruit"}
[2026-04-20T16:55:51.479Z] [DB] INS | {"sql":"INSERT INTO player_badges (player_id,badge_name,badge_emoji) VALUES (?,?,?)","id":124,"ms":48}
[2026-04-20T16:55:51.480Z] [INFO] Badge awarded | {"playerId":160,"badge":"Rookie Rank"}
[2026-04-20T16:55:51.540Z] [DB] INS | {"sql":"UPDATE players SET games_played=games_played+1, wins=wins+?, total_deaths=total_deaths+?, rating=rat","id":0,"ms":59}
[2026-04-20T16:55:51.596Z] [DB] INS | {"sql":"UPDATE game_players SET deaths_total=?, result=? WHERE game_id=? AND player_id=?","id":0,"ms":55}
[2026-04-20T16:55:51.597Z] [INFO] Player scored | {"player":161,"myRating":0,"avgOpponentRating":28,"ratingDiff":28,"difficultyFactor":"1.03","isDraw":false,"isWinner":true,"outcomeOnly":false,"deaths":2,"rawDeaths":2,"roundsSurvived":"4","roundsAliveAndWon":"4","roundsAliveLost":"0","multiplier":"1.61","basePts":8,"performanceRaw":48,"performancePts":50,"total":58}
[2026-04-20T16:55:51.636Z] [DB] Q | {"sql":"SELECT * FROM players WHERE id=?","rows":1,"ms":38}
[2026-04-20T16:55:51.682Z] [DB] Q | {"sql":"SELECT badge_name FROM player_badges WHERE player_id=?","rows":0,"ms":45}
[2026-04-20T16:55:51.736Z] [DB] INS | {"sql":"INSERT INTO player_badges (player_id,badge_name,badge_emoji) VALUES (?,?,?)","id":125,"ms":53}
[2026-04-20T16:55:51.736Z] [INFO] Badge awarded | {"playerId":161,"badge":"Recruit"}
[2026-04-20T16:55:51.776Z] [DB] INS | {"sql":"INSERT INTO player_badges (player_id,badge_name,badge_emoji) VALUES (?,?,?)","id":126,"ms":38}
[2026-04-20T16:55:51.776Z] [INFO] Badge awarded | {"playerId":161,"badge":"First Blood"}
[2026-04-20T16:55:51.816Z] [DB] INS | {"sql":"INSERT INTO player_badges (player_id,badge_name,badge_emoji) VALUES (?,?,?)","id":127,"ms":38}
[2026-04-20T16:55:51.816Z] [INFO] Badge awarded | {"playerId":161,"badge":"Rookie Rank"}
[2026-04-20T16:55:51.856Z] [DB] INS | {"sql":"INSERT INTO player_badges (player_id,badge_name,badge_emoji) VALUES (?,?,?)","id":128,"ms":38}
[2026-04-20T16:55:51.857Z] [INFO] Badge awarded | {"playerId":161,"badge":"Soldier"}
[2026-04-20T16:55:51.916Z] [DB] INS | {"sql":"UPDATE players SET games_played=games_played+1, wins=wins+?, total_deaths=total_deaths+?, rating=rat","id":0,"ms":59}
[2026-04-20T16:55:51.956Z] [DB] INS | {"sql":"UPDATE game_players SET deaths_total=?, result=? WHERE game_id=? AND player_id=?","id":0,"ms":39}
[2026-04-20T16:55:51.957Z] [INFO] Player scored | {"player":162,"myRating":0,"avgOpponentRating":28,"ratingDiff":28,"difficultyFactor":"1.03","isDraw":false,"isWinner":true,"outcomeOnly":false,"deaths":1,"rawDeaths":1,"roundsSurvived":"5","roundsAliveAndWon":"5","roundsAliveLost":"0","multiplier":"1.61","basePts":8,"performanceRaw":56,"performancePts":58,"total":66}
[2026-04-20T16:55:51.996Z] [DB] Q | {"sql":"SELECT * FROM players WHERE id=?","rows":1,"ms":39}
[2026-04-20T16:55:52.036Z] [DB] Q | {"sql":"SELECT badge_name FROM player_badges WHERE player_id=?","rows":0,"ms":39}
[2026-04-20T16:55:52.077Z] [DB] INS | {"sql":"INSERT INTO player_badges (player_id,badge_name,badge_emoji) VALUES (?,?,?)","id":129,"ms":41}
[2026-04-20T16:55:52.078Z] [INFO] Badge awarded | {"playerId":162,"badge":"Recruit"}
[2026-04-20T16:55:52.136Z] [DB] INS | {"sql":"INSERT INTO player_badges (player_id,badge_name,badge_emoji) VALUES (?,?,?)","id":130,"ms":56}
[2026-04-20T16:55:52.137Z] [INFO] Badge awarded | {"playerId":162,"badge":"First Blood"}
[2026-04-20T16:55:52.186Z] [DB] INS | {"sql":"INSERT INTO player_badges (player_id,badge_name,badge_emoji) VALUES (?,?,?)","id":131,"ms":48}
[2026-04-20T16:55:52.186Z] [INFO] Badge awarded | {"playerId":162,"badge":"Rookie Rank"}
[2026-04-20T16:55:52.226Z] [DB] INS | {"sql":"INSERT INTO player_badges (player_id,badge_name,badge_emoji) VALUES (?,?,?)","id":132,"ms":39}
[2026-04-20T16:55:52.227Z] [INFO] Badge awarded | {"playerId":162,"badge":"Soldier"}
[2026-04-20T16:55:52.266Z] [DB] INS | {"sql":"UPDATE players SET games_played=games_played+1, wins=wins+?, total_deaths=total_deaths+?, rating=rat","id":0,"ms":37}
[2026-04-20T16:55:52.306Z] [DB] INS | {"sql":"UPDATE game_players SET deaths_total=?, result=? WHERE game_id=? AND player_id=?","id":0,"ms":40}
[2026-04-20T16:55:52.307Z] [INFO] Player scored | {"player":163,"myRating":0,"avgOpponentRating":28,"ratingDiff":28,"difficultyFactor":"1.03","isDraw":false,"isWinner":true,"outcomeOnly":false,"deaths":0,"rawDeaths":0,"roundsSurvived":"6","roundsAliveAndWon":"6","roundsAliveLost":"0","multiplier":"1.61","basePts":8,"performanceRaw":65,"performancePts":66,"total":74}
[2026-04-20T16:55:52.346Z] [DB] Q | {"sql":"SELECT * FROM players WHERE id=?","rows":1,"ms":39}
[2026-04-20T16:55:52.386Z] [DB] Q | {"sql":"SELECT badge_name FROM player_badges WHERE player_id=?","rows":0,"ms":38}
[2026-04-20T16:55:52.457Z] [DB] INS | {"sql":"INSERT INTO player_badges (player_id,badge_name,badge_emoji) VALUES (?,?,?)","id":133,"ms":63}
[2026-04-20T16:55:52.458Z] [INFO] Badge awarded | {"playerId":163,"badge":"Recruit"}
[2026-04-20T16:55:52.516Z] [DB] INS | {"sql":"INSERT INTO player_badges (player_id,badge_name,badge_emoji) VALUES (?,?,?)","id":134,"ms":57}
[2026-04-20T16:55:52.518Z] [INFO] Badge awarded | {"playerId":163,"badge":"First Blood"}
[2026-04-20T16:55:52.555Z] [DB] INS | {"sql":"INSERT INTO player_badges (player_id,badge_name,badge_emoji) VALUES (?,?,?)","id":135,"ms":37}
[2026-04-20T16:55:52.556Z] [INFO] Badge awarded | {"playerId":163,"badge":"Rookie Rank"}
[2026-04-20T16:55:52.598Z] [DB] INS | {"sql":"INSERT INTO player_badges (player_id,badge_name,badge_emoji) VALUES (?,?,?)","id":136,"ms":42}
[2026-04-20T16:55:52.599Z] [INFO] Badge awarded | {"playerId":163,"badge":"Soldier"}
[2026-04-20T16:55:52.687Z] [DB] INS | {"sql":"UPDATE players SET games_played=games_played+1, wins=wins+?, total_deaths=total_deaths+?, rating=rat","id":0,"ms":86}
[2026-04-20T16:55:52.780Z] [DB] INS | {"sql":"UPDATE game_players SET deaths_total=?, result=? WHERE game_id=? AND player_id=?","id":0,"ms":93}
[2026-04-20T16:55:52.781Z] [INFO] Player scored | {"player":164,"myRating":0,"avgOpponentRating":25,"ratingDiff":25,"difficultyFactor":"1.02","isDraw":false,"isWinner":false,"outcomeOnly":false,"deaths":3,"rawDeaths":3,"roundsSurvived":"3","roundsAliveAndWon":"0","roundsAliveLost":"3","multiplier":"1.61","basePts":8,"performanceRaw":19,"performancePts":20,"total":28}
[2026-04-20T16:55:52.836Z] [DB] Q | {"sql":"SELECT * FROM players WHERE id=?","rows":1,"ms":54}
[2026-04-20T16:55:52.876Z] [DB] Q | {"sql":"SELECT badge_name FROM player_badges WHERE player_id=?","rows":0,"ms":40}
[2026-04-20T16:55:52.916Z] [DB] INS | {"sql":"INSERT INTO player_badges (player_id,badge_name,badge_emoji) VALUES (?,?,?)","id":137,"ms":39}
[2026-04-20T16:55:52.917Z] [INFO] Badge awarded | {"playerId":164,"badge":"Recruit"}
[2026-04-20T16:55:52.955Z] [DB] INS | {"sql":"INSERT INTO player_badges (player_id,badge_name,badge_emoji) VALUES (?,?,?)","id":138,"ms":38}
[2026-04-20T16:55:52.956Z] [INFO] Badge awarded | {"playerId":164,"badge":"Rookie Rank"}
[2026-04-20T16:55:53.009Z] [DB] INS | {"sql":"UPDATE players SET games_played=games_played+1, wins=wins+?, total_deaths=total_deaths+?, rating=rat","id":0,"ms":52}
[2026-04-20T16:55:53.056Z] [DB] INS | {"sql":"UPDATE game_players SET deaths_total=?, result=? WHERE game_id=? AND player_id=?","id":0,"ms":45}
[2026-04-20T16:55:53.057Z] [INFO] Player scored | {"player":169,"myRating":0,"avgOpponentRating":25,"ratingDiff":25,"difficultyFactor":"1.02","isDraw":false,"isWinner":false,"outcomeOnly":false,"deaths":3,"rawDeaths":3,"roundsSurvived":"3","roundsAliveAndWon":"0","roundsAliveLost":"3","multiplier":"1.61","basePts":8,"performanceRaw":19,"performancePts":20,"total":28}
[2026-04-20T16:55:53.096Z] [DB] Q | {"sql":"SELECT * FROM players WHERE id=?","rows":1,"ms":37}
[2026-04-20T16:55:53.136Z] [DB] Q | {"sql":"SELECT badge_name FROM player_badges WHERE player_id=?","rows":0,"ms":39}
[2026-04-20T16:55:53.175Z] [DB] INS | {"sql":"INSERT INTO player_badges (player_id,badge_name,badge_emoji) VALUES (?,?,?)","id":139,"ms":39}
[2026-04-20T16:55:53.176Z] [INFO] Badge awarded | {"playerId":169,"badge":"Recruit"}
[2026-04-20T16:55:53.236Z] [DB] INS | {"sql":"INSERT INTO player_badges (player_id,badge_name,badge_emoji) VALUES (?,?,?)","id":140,"ms":58}
[2026-04-20T16:55:53.236Z] [INFO] Badge awarded | {"playerId":169,"badge":"Rookie Rank"}
[2026-04-20T16:55:53.336Z] [DB] Q | {"sql":"SELECT round_id, target_player_id, COUNT(*) as votes FROM round_mvp_votes WHERE game_id=? GROUP BY r","rows":6,"ms":99}
[2026-04-20T16:55:53.436Z] [DB] INS | {"sql":"UPDATE players SET mvp_count=mvp_count+1 WHERE id=?","id":0,"ms":98}
[2026-04-20T16:55:53.437Z] [INFO] MVP counted | {"gid":5,"playerId":161}
[2026-04-20T16:55:53.492Z] [DB] INS | {"sql":"UPDATE players SET mvp_count=mvp_count+1 WHERE id=?","id":0,"ms":53}
[2026-04-20T16:55:53.493Z] [INFO] MVP counted | {"gid":5,"playerId":135}
[2026-04-20T16:55:53.545Z] [DB] INS | {"sql":"UPDATE players SET mvp_count=mvp_count+1 WHERE id=?","id":0,"ms":51}
[2026-04-20T16:55:53.546Z] [INFO] MVP counted | {"gid":5,"playerId":7}
[2026-04-20T16:55:53.601Z] [DB] INS | {"sql":"UPDATE players SET mvp_count=mvp_count+1 WHERE id=?","id":0,"ms":54}
[2026-04-20T16:55:53.602Z] [INFO] MVP counted | {"gid":5,"playerId":162}
[2026-04-20T16:55:53.670Z] [DB] INS | {"sql":"UPDATE players SET mvp_count=mvp_count+1 WHERE id=?","id":0,"ms":67}
[2026-04-20T16:55:53.670Z] [INFO] MVP counted | {"gid":5,"playerId":6}
[2026-04-20T16:55:53.736Z] [DB] INS | {"sql":"UPDATE players SET mvp_count=mvp_count+1 WHERE id=?","id":0,"ms":65}
[2026-04-20T16:55:53.737Z] [INFO] MVP counted | {"gid":5,"playerId":4}
[2026-04-20T16:55:53.816Z] [DB] Q | {"sql":"SELECT player_id FROM game_players WHERE game_id=? AND attendance='no_show'","rows":0,"ms":78}
[2026-04-20T16:55:53.906Z] [DB] Q | {"sql":"SELECT DISTINCT team_id FROM game_players WHERE game_id=? AND game_team=? AND team_id IS NOT NULL","rows":0,"ms":90}
[2026-04-20T16:55:53.907Z] [INFO] Team bonus | {"winnerTeam":"B","teamBonus":32}
[2026-04-20T16:55:53.907Z] [INFO] === SCORES CALCULATED === | {"gid":5,"winner":"B","playerCount":18,"multiplier":"1.61"}
[2026-04-20T16:55:54.058Z] [DB] Q | {"sql":"SELECT gp.player_id, gp.attendance, gp.game_team, gp.result,\n              gp.deaths_total, p.rating","rows":18,"ms":149}
[2026-04-20T16:56:49.108Z] [WARN] Notification guard ACTIVE — outgoing Telegram messages are suppressed | {"bot":"main-bot","allow_admins":false}
[2026-04-20T16:56:49.119Z] [INFO] =============================
[2026-04-20T16:56:49.120Z] [INFO]   AIRSOFT CLUB BOT + APP v2  
[2026-04-20T16:56:49.120Z] [INFO] =============================
[2026-04-20T16:56:49.122Z] [INFO] Connecting MySQL... | {"host":"s5.thehost.com.ua","database":"airsoft_test_db"}
[2026-04-20T16:56:49.389Z] [INFO] MySQL OK
[2026-04-20T16:56:49.496Z] [DB] Q | {"sql":"SELECT COUNT(*) as c FROM players","rows":1,"ms":106}
[2026-04-20T16:56:49.576Z] [DB] Q | {"sql":"SELECT COUNT(*) as c FROM teams","rows":1,"ms":79}
[2026-04-20T16:56:49.656Z] [DB] Q | {"sql":"SELECT COUNT(*) as c FROM games","rows":1,"ms":79}
[2026-04-20T16:56:49.657Z] [INFO] DB | {"players":91,"teams":1,"games":5}
[2026-04-20T16:56:49.665Z] [WARN] Notification guard ACTIVE — outgoing Telegram messages are suppressed | {"bot":"api-bot","allow_admins":false}
[2026-04-20T16:56:49.959Z] [INFO] Keep-warm started | {"healthUrl":"https://airsoft-app.onrender.com/api/health","intervalMs":300000}
[2026-04-20T16:56:49.987Z] [INFO] Bot running!
[2026-04-20T16:56:49.987Z] [INFO] Express server on port 1488
[2026-04-20T16:56:49.988Z] [INFO] Mini App URL: http://localhost:1488
[2026-04-20T16:56:50.380Z] [WARN] Notification guard ACTIVE — outgoing Telegram messages are suppressed | {"bot":"main-bot","allow_admins":false}
[2026-04-20T16:56:50.387Z] [INFO] =============================
[2026-04-20T16:56:50.388Z] [INFO]   AIRSOFT CLUB BOT + APP v2  
[2026-04-20T16:56:50.389Z] [INFO] =============================
[2026-04-20T16:56:50.390Z] [INFO] Connecting MySQL... | {"host":"s5.thehost.com.ua","database":"airsoft_test_db"}
[2026-04-20T16:56:50.801Z] [INFO] MySQL OK
[2026-04-20T16:56:50.891Z] [DB] Q | {"sql":"SELECT COUNT(*) as c FROM players","rows":1,"ms":90}
[2026-04-20T16:56:50.980Z] [DB] Q | {"sql":"SELECT COUNT(*) as c FROM teams","rows":1,"ms":87}
[2026-04-20T16:56:51.201Z] [DB] Q | {"sql":"SELECT COUNT(*) as c FROM games","rows":1,"ms":221}
[2026-04-20T16:56:51.202Z] [INFO] DB | {"players":91,"teams":1,"games":5}
[2026-04-20T16:56:51.211Z] [WARN] Notification guard ACTIVE — outgoing Telegram messages are suppressed | {"bot":"api-bot","allow_admins":false}
[2026-04-20T16:56:51.504Z] [INFO] Keep-warm started | {"healthUrl":"https://airsoft-app.onrender.com/api/health","intervalMs":300000}
[2026-04-20T16:56:51.522Z] [INFO] Bot running!
[2026-04-20T16:56:51.523Z] [INFO] Express server on port 1488
[2026-04-20T16:56:51.524Z] [INFO] Mini App URL: http://localhost:1488
[2026-04-20T16:57:07.314Z] [DEBUG] Keep-warm ping OK | {"status":200}
[2026-04-20T16:57:13.712Z] [WARN] Notification guard ACTIVE — outgoing Telegram messages are suppressed | {"bot":"main-bot","allow_admins":false}
[2026-04-20T16:57:13.726Z] [INFO] =============================
[2026-04-20T16:57:13.727Z] [INFO]   AIRSOFT CLUB BOT + APP v2  
[2026-04-20T16:57:13.727Z] [INFO] =============================
[2026-04-20T16:57:13.729Z] [INFO] Connecting MySQL... | {"host":"s5.thehost.com.ua","database":"airsoft_test_db"}
[2026-04-20T16:57:14.059Z] [INFO] MySQL OK
[2026-04-20T16:57:14.150Z] [DB] Q | {"sql":"SELECT COUNT(*) as c FROM players","rows":1,"ms":91}
[2026-04-20T16:57:14.232Z] [DB] Q | {"sql":"SELECT COUNT(*) as c FROM teams","rows":1,"ms":81}
[2026-04-20T16:57:14.301Z] [DB] Q | {"sql":"SELECT COUNT(*) as c FROM games","rows":1,"ms":69}
[2026-04-20T16:57:14.302Z] [INFO] DB | {"players":91,"teams":1,"games":5}
[2026-04-20T16:57:14.312Z] [WARN] Notification guard ACTIVE — outgoing Telegram messages are suppressed | {"bot":"api-bot","allow_admins":false}
[2026-04-20T16:57:14.689Z] [INFO] Keep-warm started | {"healthUrl":"https://airsoft-app.onrender.com/api/health","intervalMs":300000}
[2026-04-20T16:57:14.710Z] [INFO] Bot running!
[2026-04-20T16:57:14.712Z] [INFO] Express server on port 1488
[2026-04-20T16:57:14.713Z] [INFO] Mini App URL: http://localhost:1488
[2026-04-20T16:57:30.141Z] [DEBUG] Keep-warm ping OK | {"status":200}
[2026-04-20T16:59:46.709Z] [WARN] Notification guard ACTIVE — outgoing Telegram messages are suppressed | {"bot":"main-bot","allow_admins":false}
[2026-04-20T16:59:46.718Z] [INFO] =============================
[2026-04-20T16:59:46.719Z] [INFO]   AIRSOFT CLUB BOT + APP v2  
[2026-04-20T16:59:46.720Z] [INFO] =============================
[2026-04-20T16:59:46.721Z] [INFO] Connecting MySQL... | {"host":"s5.thehost.com.ua","database":"airsoft_test_db"}
[2026-04-20T16:59:46.969Z] [INFO] MySQL OK
[2026-04-20T16:59:47.067Z] [DB] Q | {"sql":"SELECT COUNT(*) as c FROM players","rows":1,"ms":96}
[2026-04-20T16:59:47.136Z] [DB] Q | {"sql":"SELECT COUNT(*) as c FROM teams","rows":1,"ms":69}
[2026-04-20T16:59:47.216Z] [DB] Q | {"sql":"SELECT COUNT(*) as c FROM games","rows":1,"ms":79}
[2026-04-20T16:59:47.217Z] [INFO] DB | {"players":91,"teams":1,"games":5}
[2026-04-20T16:59:47.225Z] [WARN] Notification guard ACTIVE — outgoing Telegram messages are suppressed | {"bot":"api-bot","allow_admins":false}
[2026-04-20T16:59:47.587Z] [INFO] Keep-warm started | {"healthUrl":"https://airsoft-app.onrender.com/api/health","intervalMs":300000}
[2026-04-20T16:59:47.609Z] [INFO] Bot running!
[2026-04-20T16:59:47.610Z] [INFO] Express server on port 1488
[2026-04-20T16:59:47.611Z] [INFO] Mini App URL: http://localhost:1488
[2026-04-20T16:59:59.167Z] [WARN] Notification guard ACTIVE — outgoing Telegram messages are suppressed | {"bot":"main-bot","allow_admins":false}
[2026-04-20T16:59:59.183Z] [INFO] =============================
[2026-04-20T16:59:59.186Z] [INFO]   AIRSOFT CLUB BOT + APP v2  
[2026-04-20T16:59:59.187Z] [INFO] =============================
[2026-04-20T16:59:59.188Z] [INFO] Connecting MySQL... | {"host":"s5.thehost.com.ua","database":"airsoft_test_db"}
[2026-04-20T16:59:59.470Z] [INFO] MySQL OK
[2026-04-20T16:59:59.567Z] [DB] Q | {"sql":"SELECT COUNT(*) as c FROM players","rows":1,"ms":96}
[2026-04-20T16:59:59.637Z] [DB] Q | {"sql":"SELECT COUNT(*) as c FROM teams","rows":1,"ms":69}
[2026-04-20T16:59:59.707Z] [DB] Q | {"sql":"SELECT COUNT(*) as c FROM games","rows":1,"ms":70}
[2026-04-20T16:59:59.708Z] [INFO] DB | {"players":91,"teams":1,"games":5}
[2026-04-20T16:59:59.721Z] [WARN] Notification guard ACTIVE — outgoing Telegram messages are suppressed | {"bot":"api-bot","allow_admins":false}
[2026-04-20T17:00:00.054Z] [INFO] Keep-warm started | {"healthUrl":"https://airsoft-app.onrender.com/api/health","intervalMs":300000}
[2026-04-20T17:00:00.069Z] [INFO] Bot running!
[2026-04-20T17:00:00.070Z] [INFO] Express server on port 1488
[2026-04-20T17:00:00.071Z] [INFO] Mini App URL: http://localhost:1488
[2026-04-20T17:00:15.888Z] [DEBUG] Keep-warm ping OK | {"status":200}
[2026-04-20T17:00:37.856Z] [WARN] Notification guard ACTIVE — outgoing Telegram messages are suppressed | {"bot":"main-bot","allow_admins":false}
[2026-04-20T17:00:37.871Z] [INFO] =============================
[2026-04-20T17:00:37.872Z] [INFO]   AIRSOFT CLUB BOT + APP v2  
[2026-04-20T17:00:37.873Z] [INFO] =============================
[2026-04-20T17:00:37.874Z] [INFO] Connecting MySQL... | {"host":"s5.thehost.com.ua","database":"airsoft_test_db"}
[2026-04-20T17:00:38.127Z] [INFO] MySQL OK
[2026-04-20T17:00:38.223Z] [DB] Q | {"sql":"SELECT COUNT(*) as c FROM players","rows":1,"ms":95}
[2026-04-20T17:00:38.338Z] [DB] Q | {"sql":"SELECT COUNT(*) as c FROM teams","rows":1,"ms":113}
[2026-04-20T17:00:38.469Z] [DB] Q | {"sql":"SELECT COUNT(*) as c FROM games","rows":1,"ms":131}
[2026-04-20T17:00:38.470Z] [INFO] DB | {"players":91,"teams":1,"games":5}
[2026-04-20T17:00:38.481Z] [WARN] Notification guard ACTIVE — outgoing Telegram messages are suppressed | {"bot":"api-bot","allow_admins":false}
[2026-04-20T17:00:38.981Z] [INFO] Keep-warm started | {"healthUrl":"https://airsoft-app.onrender.com/api/health","intervalMs":300000}
[2026-04-20T17:00:39.006Z] [INFO] Bot running!
[2026-04-20T17:00:39.007Z] [INFO] Express server on port 1488
[2026-04-20T17:00:39.008Z] [INFO] Mini App URL: http://localhost:1488
[2026-04-20T17:00:42.597Z] [INFO] Connecting MySQL... | {"host":"s5.thehost.com.ua","database":"airsoft_test_db"}
[2026-04-20T17:00:42.920Z] [INFO] MySQL OK
[2026-04-20T17:00:43.054Z] [DB] Q | {"sql":"SELECT COUNT(*) AS c FROM information_schema.columns\n     WHERE table_schema=DATABASE() AND table_na","rows":1,"ms":132}
[2026-04-20T17:00:43.222Z] [DB] INS | {"sql":"ALTER TABLE game_players ADD COLUMN left_at DATETIME NULL AFTER attendance","id":0,"ms":167}
[2026-04-20T17:00:43.329Z] [DB] Q | {"sql":"SELECT gp.id, gp.game_id, gp.player_id, gp.attendance, gp.left_at,\n            (SELECT MAX(r.ended_a","rows":3,"ms":106}
[2026-04-20T17:00:43.424Z] [DB] INS | {"sql":"UPDATE game_players SET left_at=? WHERE id=?","id":0,"ms":94}
[2026-04-20T17:00:43.467Z] [DB] INS | {"sql":"UPDATE game_players SET left_at=? WHERE id=?","id":0,"ms":41}
[2026-04-20T17:00:43.546Z] [DB] INS | {"sql":"UPDATE game_players SET left_at=? WHERE id=?","id":0,"ms":78}
[2026-04-20T17:00:43.697Z] [DB] Q | {"sql":"SELECT gp.player_id, gp.attendance, gp.left_at, p.callsign AS name\n     FROM game_players gp JOIN pl","rows":3,"ms":150}
[2026-04-20T17:00:54.399Z] [DEBUG] Keep-warm ping OK | {"status":200}
[2026-04-20T17:01:02.525Z] [WARN] Notification guard ACTIVE — outgoing Telegram messages are suppressed | {"bot":"main-bot","allow_admins":false}
[2026-04-20T17:01:02.534Z] [INFO] =============================
[2026-04-20T17:01:02.535Z] [INFO]   AIRSOFT CLUB BOT + APP v2  
[2026-04-20T17:01:02.536Z] [INFO] =============================
[2026-04-20T17:01:02.537Z] [INFO] Connecting MySQL... | {"host":"s5.thehost.com.ua","database":"airsoft_test_db"}
[2026-04-20T17:01:02.894Z] [INFO] MySQL OK
[2026-04-20T17:01:03.003Z] [DB] Q | {"sql":"SELECT COUNT(*) as c FROM players","rows":1,"ms":108}
[2026-04-20T17:01:03.097Z] [DB] Q | {"sql":"SELECT COUNT(*) as c FROM teams","rows":1,"ms":94}
[2026-04-20T17:01:03.197Z] [DB] Q | {"sql":"SELECT COUNT(*) as c FROM games","rows":1,"ms":99}
[2026-04-20T17:01:03.198Z] [INFO] DB | {"players":91,"teams":1,"games":5}
[2026-04-20T17:01:03.206Z] [WARN] Notification guard ACTIVE — outgoing Telegram messages are suppressed | {"bot":"api-bot","allow_admins":false}
[2026-04-20T17:01:03.584Z] [INFO] Keep-warm started | {"healthUrl":"https://airsoft-app.onrender.com/api/health","intervalMs":300000}
[2026-04-20T17:01:03.610Z] [INFO] Bot running!
[2026-04-20T17:01:03.612Z] [INFO] Express server on port 1488
[2026-04-20T17:01:03.613Z] [INFO] Mini App URL: http://localhost:1488
[2026-04-20T17:01:19.463Z] [DEBUG] Keep-warm ping OK | {"status":200}
[2026-04-20T17:01:55.368Z] [WARN] Notification guard ACTIVE — outgoing Telegram messages are suppressed | {"bot":"main-bot","allow_admins":false}
[2026-04-20T17:01:55.383Z] [INFO] =============================
[2026-04-20T17:01:55.383Z] [INFO]   AIRSOFT CLUB BOT + APP v2  
[2026-04-20T17:01:55.385Z] [INFO] =============================
[2026-04-20T17:01:55.385Z] [INFO] Connecting MySQL... | {"host":"s5.thehost.com.ua","database":"airsoft_test_db"}
[2026-04-20T17:01:55.699Z] [INFO] MySQL OK
[2026-04-20T17:01:55.851Z] [DB] Q | {"sql":"SELECT COUNT(*) as c FROM players","rows":1,"ms":151}
[2026-04-20T17:01:55.955Z] [DB] Q | {"sql":"SELECT COUNT(*) as c FROM teams","rows":1,"ms":103}
[2026-04-20T17:01:56.070Z] [DB] Q | {"sql":"SELECT COUNT(*) as c FROM games","rows":1,"ms":114}
[2026-04-20T17:01:56.072Z] [INFO] DB | {"players":91,"teams":1,"games":5}
[2026-04-20T17:01:56.083Z] [WARN] Notification guard ACTIVE — outgoing Telegram messages are suppressed | {"bot":"api-bot","allow_admins":false}
[2026-04-20T17:01:56.549Z] [INFO] Keep-warm started | {"healthUrl":"https://airsoft-app.onrender.com/api/health","intervalMs":300000}
[2026-04-20T17:01:56.577Z] [INFO] Bot running!
[2026-04-20T17:01:56.578Z] [INFO] Express server on port 1488
[2026-04-20T17:01:56.579Z] [INFO] Mini App URL: http://localhost:1488
[2026-04-20T17:02:06.475Z] [WARN] Notification guard ACTIVE — outgoing Telegram messages are suppressed | {"bot":"main-bot","allow_admins":false}
[2026-04-20T17:02:06.492Z] [INFO] =============================
[2026-04-20T17:02:06.494Z] [INFO]   AIRSOFT CLUB BOT + APP v2  
[2026-04-20T17:02:06.495Z] [INFO] =============================
[2026-04-20T17:02:06.496Z] [INFO] Connecting MySQL... | {"host":"s5.thehost.com.ua","database":"airsoft_test_db"}
[2026-04-20T17:02:06.784Z] [INFO] MySQL OK
[2026-04-20T17:02:06.858Z] [DB] Q | {"sql":"SELECT COUNT(*) as c FROM players","rows":1,"ms":72}
[2026-04-20T17:02:06.937Z] [DB] Q | {"sql":"SELECT COUNT(*) as c FROM teams","rows":1,"ms":79}
[2026-04-20T17:02:07.007Z] [DB] Q | {"sql":"SELECT COUNT(*) as c FROM games","rows":1,"ms":69}
[2026-04-20T17:02:07.008Z] [INFO] DB | {"players":91,"teams":1,"games":5}
[2026-04-20T17:02:07.016Z] [WARN] Notification guard ACTIVE — outgoing Telegram messages are suppressed | {"bot":"api-bot","allow_admins":false}
[2026-04-20T17:02:07.499Z] [INFO] Keep-warm started | {"healthUrl":"https://airsoft-app.onrender.com/api/health","intervalMs":300000}
[2026-04-20T17:02:07.523Z] [INFO] Bot running!
[2026-04-20T17:02:07.523Z] [INFO] Express server on port 1488
[2026-04-20T17:02:07.524Z] [INFO] Mini App URL: http://localhost:1488
[2026-04-20T17:02:12.230Z] [WARN] Notification guard ACTIVE — outgoing Telegram messages are suppressed | {"bot":"api-bot","allow_admins":false}
[2026-04-20T17:02:12.235Z] [INFO] Connecting MySQL... | {"host":"s5.thehost.com.ua","database":"airsoft_test_db"}
[2026-04-20T17:02:12.555Z] [INFO] MySQL OK
[2026-04-20T17:02:12.669Z] [DB] Q | {"sql":"SELECT id, status, payment, date, time, location FROM games WHERE id=?","rows":1,"ms":112}
[2026-04-20T17:02:12.766Z] [DB] Q | {"sql":"SELECT\n        gp.player_id,\n        COALESCE(p.callsign, p.nickname) AS player_name,\n        p.tele","rows":18,"ms":97}
[2026-04-20T17:02:12.868Z] [DB] Q | {"sql":"SELECT player_id, amount, note\n     FROM game_player_prepayments\n     WHERE game_id=? AND player_id ","rows":0,"ms":100}
[2026-04-20T17:02:12.957Z] [DB] Q | {"sql":"SELECT player_id, COALESCE(SUM(amount),0) AS total_amount\n     FROM game_player_payment_events\n     ","rows":0,"ms":89}
[2026-04-20T17:02:13.048Z] [DB] Q | {"sql":"SELECT id, player_id, reward_key, status, source\n     FROM player_loot_rewards\n     WHERE game_id=? ","rows":0,"ms":90}
[2026-04-20T17:02:13.137Z] [ERROR] INS fail | {"sql":"INSERT INTO game_player_payment_events\n        (game_id, player_id, amount, event_type, note, create","error":"Column 'player_id' cannot be null"}
[2026-04-20T17:02:23.032Z] [DEBUG] Keep-warm ping OK | {"status":200}
[2026-04-20T17:02:39.109Z] [WARN] Notification guard ACTIVE — outgoing Telegram messages are suppressed | {"bot":"main-bot","allow_admins":false}
[2026-04-20T17:02:39.124Z] [INFO] =============================
[2026-04-20T17:02:39.125Z] [INFO]   AIRSOFT CLUB BOT + APP v2  
[2026-04-20T17:02:39.125Z] [INFO] =============================
[2026-04-20T17:02:39.127Z] [INFO] Connecting MySQL... | {"host":"s5.thehost.com.ua","database":"airsoft_test_db"}
[2026-04-20T17:02:39.468Z] [INFO] MySQL OK
[2026-04-20T17:02:39.561Z] [DB] Q | {"sql":"SELECT COUNT(*) as c FROM players","rows":1,"ms":92}
[2026-04-20T17:02:39.658Z] [DB] Q | {"sql":"SELECT COUNT(*) as c FROM teams","rows":1,"ms":96}
[2026-04-20T17:02:39.776Z] [DB] Q | {"sql":"SELECT COUNT(*) as c FROM games","rows":1,"ms":117}
[2026-04-20T17:02:39.777Z] [INFO] DB | {"players":91,"teams":1,"games":5}
[2026-04-20T17:02:39.787Z] [WARN] Notification guard ACTIVE — outgoing Telegram messages are suppressed | {"bot":"api-bot","allow_admins":false}
[2026-04-20T17:02:40.243Z] [INFO] Keep-warm started | {"healthUrl":"https://airsoft-app.onrender.com/api/health","intervalMs":300000}
[2026-04-20T17:02:40.272Z] [INFO] Bot running!
[2026-04-20T17:02:40.273Z] [INFO] Express server on port 1488
[2026-04-20T17:02:40.274Z] [INFO] Mini App URL: http://localhost:1488
[2026-04-20T17:02:43.615Z] [WARN] Notification guard ACTIVE — outgoing Telegram messages are suppressed | {"bot":"api-bot","allow_admins":false}
[2026-04-20T17:02:43.621Z] [INFO] Connecting MySQL... | {"host":"s5.thehost.com.ua","database":"airsoft_test_db"}
[2026-04-20T17:02:43.935Z] [INFO] MySQL OK
[2026-04-20T17:02:44.057Z] [DB] Q | {"sql":"SELECT column_name AS name, is_nullable AS nullable\n     FROM information_schema.columns\n     WHERE ","rows":8,"ms":120}
[2026-04-20T17:02:44.167Z] [DB] Q | {"sql":"SELECT id, telegram_id, COALESCE(callsign, nickname) AS name\n     FROM players ORDER BY id ASC LIMIT","rows":1,"ms":109}
[2026-04-20T17:02:44.249Z] [DB] Q | {"sql":"SELECT id, status, payment, date, time, location FROM games WHERE id=?","rows":1,"ms":81}
[2026-04-20T17:02:44.332Z] [DB] Q | {"sql":"SELECT\n        gp.player_id,\n        COALESCE(p.callsign, p.nickname) AS player_name,\n        p.tele","rows":18,"ms":81}
[2026-04-20T17:02:44.428Z] [DB] Q | {"sql":"SELECT player_id, amount, note\n     FROM game_player_prepayments\n     WHERE game_id=? AND player_id ","rows":0,"ms":95}
[2026-04-20T17:02:44.499Z] [DB] Q | {"sql":"SELECT player_id, COALESCE(SUM(amount),0) AS total_amount\n     FROM game_player_payment_events\n     ","rows":0,"ms":70}
[2026-04-20T17:02:44.578Z] [DB] Q | {"sql":"SELECT id, player_id, reward_key, status, source\n     FROM player_loot_rewards\n     WHERE game_id=? ","rows":0,"ms":78}
[2026-04-20T17:02:44.674Z] [DB] Q | {"sql":"SELECT id, status, payment, date, time, location FROM games WHERE id=?","rows":1,"ms":57}
[2026-04-20T17:02:44.719Z] [DB] Q | {"sql":"SELECT\n        gp.player_id,\n        COALESCE(p.callsign, p.nickname) AS player_name,\n        p.tele","rows":18,"ms":45}
[2026-04-20T17:02:44.757Z] [DB] Q | {"sql":"SELECT player_id, amount, note\n     FROM game_player_prepayments\n     WHERE game_id=? AND player_id ","rows":0,"ms":38}
[2026-04-20T17:02:44.803Z] [DB] Q | {"sql":"SELECT player_id, COALESCE(SUM(amount),0) AS total_amount\n     FROM game_player_payment_events\n     ","rows":0,"ms":46}
[2026-04-20T17:02:44.838Z] [DB] Q | {"sql":"SELECT id, player_id, reward_key, status, source\n     FROM player_loot_rewards\n     WHERE game_id=? ","rows":0,"ms":34}
[2026-04-20T17:02:55.663Z] [DEBUG] Keep-warm ping OK | {"status":200}
[2026-04-20T17:03:35.808Z] [WARN] Notification guard ACTIVE — outgoing Telegram messages are suppressed | {"bot":"main-bot","allow_admins":false}
[2026-04-20T17:03:35.825Z] [INFO] =============================
[2026-04-20T17:03:35.826Z] [INFO]   AIRSOFT CLUB BOT + APP v2  
[2026-04-20T17:03:35.827Z] [INFO] =============================
[2026-04-20T17:03:35.830Z] [INFO] Connecting MySQL... | {"host":"s5.thehost.com.ua","database":"airsoft_test_db"}
[2026-04-20T17:03:36.098Z] [INFO] MySQL OK
[2026-04-20T17:03:36.207Z] [DB] Q | {"sql":"SELECT COUNT(*) as c FROM players","rows":1,"ms":108}
[2026-04-20T17:03:36.297Z] [DB] Q | {"sql":"SELECT COUNT(*) as c FROM teams","rows":1,"ms":89}
[2026-04-20T17:03:36.442Z] [DB] Q | {"sql":"SELECT COUNT(*) as c FROM games","rows":1,"ms":143}
[2026-04-20T17:03:36.443Z] [INFO] DB | {"players":91,"teams":1,"games":5}
[2026-04-20T17:03:36.452Z] [WARN] Notification guard ACTIVE — outgoing Telegram messages are suppressed | {"bot":"api-bot","allow_admins":false}
[2026-04-20T17:03:36.861Z] [INFO] Keep-warm started | {"healthUrl":"https://airsoft-app.onrender.com/api/health","intervalMs":300000}
[2026-04-20T17:03:36.886Z] [INFO] Bot running!
[2026-04-20T17:03:36.888Z] [INFO] Express server on port 1488
[2026-04-20T17:03:36.889Z] [INFO] Mini App URL: http://localhost:1488
[2026-04-20T17:03:41.288Z] [WARN] Notification guard ACTIVE — outgoing Telegram messages are suppressed | {"bot":"api-bot","allow_admins":false}
[2026-04-20T17:03:41.293Z] [INFO] Connecting MySQL... | {"host":"s5.thehost.com.ua","database":"airsoft_test_db"}
[2026-04-20T17:03:41.636Z] [INFO] MySQL OK
[2026-04-20T17:03:42.006Z] [DB] Q | {"sql":"SELECT column_name AS name, is_nullable AS nullable\n     FROM information_schema.columns\n     WHERE ","rows":8,"ms":368}
[2026-04-20T17:03:42.416Z] [DB] Q | {"sql":"SELECT id, telegram_id, COALESCE(callsign, nickname) AS name\n     FROM players ORDER BY id ASC LIMIT","rows":1,"ms":409}
[2026-04-20T17:03:42.620Z] [DB] Q | {"sql":"SELECT id, status, payment, date, time, location FROM games WHERE id=?","rows":1,"ms":203}
[2026-04-20T17:03:42.829Z] [DB] Q | {"sql":"SELECT\n        gp.player_id AS player_id,\n        COALESCE(p.callsign, p.nickname) AS player_name,\n ","rows":18,"ms":208}
[2026-04-20T17:03:43.088Z] [DB] Q | {"sql":"SELECT player_id, amount, note\n     FROM game_player_prepayments\n     WHERE game_id=? AND player_id ","rows":0,"ms":258}
[2026-04-20T17:03:43.299Z] [DB] Q | {"sql":"SELECT player_id, COALESCE(SUM(amount),0) AS total_amount\n     FROM game_player_payment_events\n     ","rows":0,"ms":210}
[2026-04-20T17:03:43.489Z] [DB] Q | {"sql":"SELECT id, player_id, reward_key, status, source\n     FROM player_loot_rewards\n     WHERE game_id=? ","rows":0,"ms":190}
[2026-04-20T17:03:43.722Z] [DB] INS | {"sql":"INSERT INTO game_player_payment_events\n        (game_id, player_id, amount, event_type, note, create","id":1,"ms":231}
[2026-04-20T17:03:43.848Z] [DB] INS | {"sql":"INSERT INTO game_player_payment_events\n        (game_id, player_id, amount, event_type, note, create","id":2,"ms":125}
[2026-04-20T17:03:43.908Z] [DB] INS | {"sql":"INSERT INTO game_player_payment_events\n        (game_id, player_id, amount, event_type, note, create","id":3,"ms":58}
[2026-04-20T17:03:44.052Z] [DB] INS | {"sql":"INSERT INTO game_player_payment_events\n        (game_id, player_id, amount, event_type, note, create","id":4,"ms":142}
[2026-04-20T17:03:44.129Z] [DB] INS | {"sql":"INSERT INTO game_player_payment_events\n        (game_id, player_id, amount, event_type, note, create","id":5,"ms":77}
[2026-04-20T17:03:44.257Z] [DB] INS | {"sql":"INSERT INTO game_player_payment_events\n        (game_id, player_id, amount, event_type, note, create","id":6,"ms":127}
[2026-04-20T17:03:44.308Z] [DB] INS | {"sql":"INSERT INTO game_player_payment_events\n        (game_id, player_id, amount, event_type, note, create","id":7,"ms":50}
[2026-04-20T17:03:44.474Z] [DB] INS | {"sql":"INSERT INTO game_player_payment_events\n        (game_id, player_id, amount, event_type, note, create","id":8,"ms":166}
[2026-04-20T17:03:44.535Z] [DB] INS | {"sql":"INSERT INTO game_player_payment_events\n        (game_id, player_id, amount, event_type, note, create","id":9,"ms":60}
[2026-04-20T17:03:44.668Z] [DB] INS | {"sql":"INSERT INTO game_player_payment_events\n        (game_id, player_id, amount, event_type, note, create","id":10,"ms":132}
[2026-04-20T17:03:44.820Z] [DB] INS | {"sql":"INSERT INTO game_player_payment_events\n        (game_id, player_id, amount, event_type, note, create","id":11,"ms":150}
[2026-04-20T17:03:44.893Z] [DB] INS | {"sql":"INSERT INTO game_player_payment_events\n        (game_id, player_id, amount, event_type, note, create","id":12,"ms":72}
[2026-04-20T17:03:44.997Z] [DB] INS | {"sql":"INSERT INTO game_player_payment_events\n        (game_id, player_id, amount, event_type, note, create","id":13,"ms":103}
[2026-04-20T17:03:45.047Z] [DB] INS | {"sql":"INSERT INTO game_player_payment_events\n        (game_id, player_id, amount, event_type, note, create","id":14,"ms":49}
[2026-04-20T17:03:45.093Z] [DB] INS | {"sql":"INSERT INTO game_player_payment_events\n        (game_id, player_id, amount, event_type, note, create","id":15,"ms":44}
[2026-04-20T17:03:45.152Z] [DB] INS | {"sql":"INSERT INTO game_player_payment_events\n        (game_id, player_id, amount, event_type, note, create","id":16,"ms":59}
[2026-04-20T17:03:45.202Z] [DB] INS | {"sql":"INSERT INTO game_player_payment_events\n        (game_id, player_id, amount, event_type, note, create","id":17,"ms":49}
[2026-04-20T17:03:45.258Z] [DB] INS | {"sql":"INSERT INTO game_player_payment_events\n        (game_id, player_id, amount, event_type, note, create","id":18,"ms":54}
[2026-04-20T17:03:45.293Z] [DB] Q | {"sql":"SELECT id, status, payment, date, time, location FROM games WHERE id=?","rows":1,"ms":34}
[2026-04-20T17:03:45.330Z] [DB] Q | {"sql":"SELECT\n        gp.player_id AS player_id,\n        COALESCE(p.callsign, p.nickname) AS player_name,\n ","rows":18,"ms":37}
[2026-04-20T17:03:45.397Z] [DB] Q | {"sql":"SELECT player_id, amount, note\n     FROM game_player_prepayments\n     WHERE game_id=? AND player_id ","rows":0,"ms":66}
[2026-04-20T17:03:45.497Z] [DB] Q | {"sql":"SELECT player_id, COALESCE(SUM(amount),0) AS total_amount\n     FROM game_player_payment_events\n     ","rows":18,"ms":98}
[2026-04-20T17:03:45.584Z] [DB] Q | {"sql":"SELECT id, player_id, reward_key, status, source\n     FROM player_loot_rewards\n     WHERE game_id=? ","rows":0,"ms":87}
[2026-04-20T17:03:52.331Z] [DEBUG] Keep-warm ping OK | {"status":200}
[2026-04-20T17:03:54.695Z] [WARN] Notification guard ACTIVE — outgoing Telegram messages are suppressed | {"bot":"main-bot","allow_admins":false}
[2026-04-20T17:03:54.708Z] [INFO] =============================
[2026-04-20T17:03:54.709Z] [INFO]   AIRSOFT CLUB BOT + APP v2  
[2026-04-20T17:03:54.710Z] [INFO] =============================
[2026-04-20T17:03:54.711Z] [INFO] Connecting MySQL... | {"host":"s5.thehost.com.ua","database":"airsoft_test_db"}
[2026-04-20T17:03:54.960Z] [INFO] MySQL OK
[2026-04-20T17:03:55.039Z] [DB] Q | {"sql":"SELECT COUNT(*) as c FROM players","rows":1,"ms":77}
[2026-04-20T17:03:55.126Z] [DB] Q | {"sql":"SELECT COUNT(*) as c FROM teams","rows":1,"ms":86}
[2026-04-20T17:03:55.199Z] [DB] Q | {"sql":"SELECT COUNT(*) as c FROM games","rows":1,"ms":72}
[2026-04-20T17:03:55.200Z] [INFO] DB | {"players":91,"teams":1,"games":5}
[2026-04-20T17:03:55.212Z] [WARN] Notification guard ACTIVE — outgoing Telegram messages are suppressed | {"bot":"api-bot","allow_admins":false}
[2026-04-20T17:03:55.612Z] [INFO] Keep-warm started | {"healthUrl":"https://airsoft-app.onrender.com/api/health","intervalMs":300000}
[2026-04-20T17:03:55.633Z] [INFO] Bot running!
[2026-04-20T17:03:55.634Z] [INFO] Express server on port 1488
[2026-04-20T17:03:55.635Z] [INFO] Mini App URL: http://localhost:1488
[2026-04-20T17:03:57.898Z] [WARN] Notification guard ACTIVE — outgoing Telegram messages are suppressed | {"bot":"main-bot","allow_admins":false}
[2026-04-20T17:03:57.909Z] [INFO] =============================
[2026-04-20T17:03:57.910Z] [INFO]   AIRSOFT CLUB BOT + APP v2  
[2026-04-20T17:03:57.910Z] [INFO] =============================
[2026-04-20T17:03:57.911Z] [INFO] Connecting MySQL... | {"host":"s5.thehost.com.ua","database":"airsoft_test_db"}
[2026-04-20T17:03:58.201Z] [INFO] MySQL OK
[2026-04-20T17:03:58.280Z] [DB] Q | {"sql":"SELECT COUNT(*) as c FROM players","rows":1,"ms":77}
[2026-04-20T17:03:58.369Z] [DB] Q | {"sql":"SELECT COUNT(*) as c FROM teams","rows":1,"ms":89}
[2026-04-20T17:03:58.450Z] [DB] Q | {"sql":"SELECT COUNT(*) as c FROM games","rows":1,"ms":79}
[2026-04-20T17:03:58.479Z] [INFO] DB | {"players":91,"teams":1,"games":5}
[2026-04-20T17:03:58.490Z] [WARN] Notification guard ACTIVE — outgoing Telegram messages are suppressed | {"bot":"api-bot","allow_admins":false}
[2026-04-20T17:03:58.947Z] [INFO] Keep-warm started | {"healthUrl":"https://airsoft-app.onrender.com/api/health","intervalMs":300000}
[2026-04-20T17:03:58.969Z] [INFO] Bot running!
[2026-04-20T17:03:58.971Z] [INFO] Express server on port 1488
[2026-04-20T17:03:58.971Z] [INFO] Mini App URL: http://localhost:1488
[2026-04-20T17:04:14.393Z] [DEBUG] Keep-warm ping OK | {"status":200}
[2026-04-20T17:04:48.697Z] [DEBUG] API GET /profile | {"body":{}}
[2026-04-20T17:04:48.699Z] [WARN] DEV AUTH BYPASS | {"userId":412606522}
[2026-04-20T17:04:48.779Z] [DB] Q | {"sql":"SELECT * FROM players WHERE telegram_id=?","rows":1,"ms":78}
[2026-04-20T17:04:48.879Z] [DB] Q | {"sql":"SELECT p.*, t.name AS team_name\n       FROM players p LEFT JOIN teams t ON p.team_id = t.id\n       W","rows":1,"ms":96}
[2026-04-20T17:04:48.959Z] [DB] Q | {"sql":"SELECT badge_name, badge_emoji FROM player_badges WHERE player_id = ?","rows":7,"ms":79}
[2026-04-20T17:04:49.044Z] [DB] Q | {"sql":"SELECT g.id, g.date, g.time, g.game_mode, g.status, gp.result, gp.kills_total, gp.deaths_total\n     ","rows":5,"ms":82}
[2026-04-20T17:04:49.129Z] [DB] Q | {"sql":"SELECT winner_game_team, COUNT(*) AS wins\n         FROM rounds\n         WHERE game_id=? AND status='","rows":1,"ms":84}
[2026-04-20T17:04:49.168Z] [DB] Q | {"sql":"SELECT winner_game_team, COUNT(*) AS wins\n         FROM rounds\n         WHERE game_id=? AND status='","rows":2,"ms":37}
[2026-04-20T17:04:49.209Z] [DB] Q | {"sql":"SELECT winner_game_team, COUNT(*) AS wins\n         FROM rounds\n         WHERE game_id=? AND status='","rows":2,"ms":39}
[2026-04-20T17:04:49.248Z] [DB] Q | {"sql":"SELECT winner_game_team, COUNT(*) AS wins\n         FROM rounds\n         WHERE game_id=? AND status='","rows":2,"ms":37}
[2026-04-20T17:04:49.291Z] [DB] Q | {"sql":"SELECT winner_game_team, COUNT(*) AS wins\n         FROM rounds\n         WHERE game_id=? AND status='","rows":2,"ms":41}
[2026-04-20T17:04:49.398Z] [DB] Q | {"sql":"SELECT COUNT(*) AS c\n       FROM round_players rp\n       JOIN rounds r ON r.id = rp.round_id\n       ","rows":1,"ms":106}
[2026-04-20T17:04:49.489Z] [DB] Q | {"sql":"SELECT COUNT(*) AS c\n       FROM round_players rp\n       JOIN rounds r ON r.id = rp.round_id\n       ","rows":1,"ms":88}
[2026-04-20T17:04:49.581Z] [DB] Q | {"sql":"SELECT p.id, p.nickname, p.callsign, p.rating\n       FROM friends f\n       JOIN players p ON p.id = ","rows":2,"ms":90}
[2026-04-20T17:04:49.582Z] [INFO] Profile API | {"tgId":412606522,"isAdmin":true,"admins":[412606522]}
[2026-04-20T17:04:49.624Z] [DEBUG] API GET /friends | {"body":{}}
[2026-04-20T17:04:49.625Z] [WARN] DEV AUTH BYPASS | {"userId":412606522}
[2026-04-20T17:04:49.627Z] [DEBUG] API GET /loot/state | {"body":{}}
[2026-04-20T17:04:49.630Z] [WARN] DEV AUTH BYPASS | {"userId":412606522}
[2026-04-20T17:04:49.634Z] [DEBUG] API GET /survey/status | {"body":{}}
[2026-04-20T17:04:49.635Z] [WARN] DEV AUTH BYPASS | {"userId":412606522}
[2026-04-20T17:04:49.668Z] [DB] Q | {"sql":"SELECT * FROM players WHERE telegram_id=?","rows":1,"ms":42}
[2026-04-20T17:04:49.750Z] [DB] Q | {"sql":"SELECT id FROM players WHERE telegram_id = ?","rows":1,"ms":80}
[2026-04-20T17:04:49.801Z] [DB] Q | {"sql":"SELECT p.id, p.nickname, p.callsign, p.rating\n       FROM friends f\n       JOIN players p ON p.id = ","rows":2,"ms":50}
[2026-04-20T17:04:49.891Z] [DB] Q | {"sql":"SELECT f.id, p.nickname, p.callsign, p.rating\n       FROM friends f\n       JOIN players p ON p.id = ","rows":0,"ms":89}
[2026-04-20T17:04:49.923Z] [DB] Q | {"sql":"SELECT * FROM players WHERE telegram_id=?","rows":1,"ms":292}
[2026-04-20T17:04:49.943Z] [DB] Q | {"sql":"SELECT * FROM players WHERE telegram_id=?","rows":1,"ms":306}
[2026-04-20T17:04:49.972Z] [DB] Q | {"sql":"SELECT * FROM players WHERE telegram_id=?","rows":1,"ms":47}
[2026-04-20T17:04:50.033Z] [DB] Q | {"sql":"SELECT id, created_at\n       FROM player_feedback_surveys\n       WHERE player_id=? AND survey_key=?\n","rows":0,"ms":88}
[2026-04-20T17:04:50.068Z] [DB] Q | {"sql":"SELECT rating FROM players WHERE id=?","rows":1,"ms":94}
[2026-04-20T17:04:50.153Z] [DB] Q | {"sql":"SELECT * FROM player_spins WHERE player_id=?","rows":1,"ms":85}
[2026-04-20T17:04:50.233Z] [DB] INS | {"sql":"UPDATE player_spins SET total_spins_earned=?, free_spin_granted=? WHERE player_id=?","id":0,"ms":79}
[2026-04-20T17:04:50.323Z] [DB] Q | {"sql":"SELECT id, reward_key, rarity, image_url, status, source, game_id, created_at FROM player_loot_rewar","rows":2,"ms":89}
[2026-04-20T17:05:07.287Z] [DEBUG] API POST /loot/spin | {"body":{}}
[2026-04-20T17:05:07.289Z] [WARN] DEV AUTH BYPASS | {"userId":412606522}
[2026-04-20T17:05:07.337Z] [DB] Q | {"sql":"SELECT * FROM players WHERE telegram_id=?","rows":1,"ms":47}
[2026-04-20T17:05:07.410Z] [DB] Q | {"sql":"SELECT * FROM players WHERE telegram_id=?","rows":1,"ms":70}
[2026-04-20T17:05:07.485Z] [DB] Q | {"sql":"SELECT rating FROM players WHERE id=?","rows":1,"ms":73}
[2026-04-20T17:05:07.538Z] [DB] Q | {"sql":"SELECT * FROM player_spins WHERE player_id=?","rows":1,"ms":52}
[2026-04-20T17:05:07.626Z] [DB] INS | {"sql":"UPDATE player_spins SET spins_used=spins_used+1 WHERE player_id=?","id":0,"ms":85}
[2026-04-20T17:05:07.727Z] [DB] INS | {"sql":"INSERT INTO player_loot_rewards (player_id,reward_key,rarity,image_url,status,source) VALUES (?,?,?,","id":75,"ms":100}
[2026-04-20T17:05:07.784Z] [DB] Q | {"sql":"SELECT rating FROM players WHERE id=?","rows":1,"ms":55}
[2026-04-20T17:05:07.831Z] [DB] Q | {"sql":"SELECT * FROM player_spins WHERE player_id=?","rows":1,"ms":46}
[2026-04-20T17:08:29.508Z] [DEBUG] API GET /profile | {"body":{}}
[2026-04-20T17:08:29.509Z] [WARN] DEV AUTH BYPASS | {"userId":412606522}
[2026-04-20T17:08:30.160Z] [DB] Q | {"sql":"SELECT * FROM players WHERE telegram_id=?","rows":1,"ms":649}
[2026-04-20T17:08:30.408Z] [DB] Q | {"sql":"SELECT p.*, t.name AS team_name\n       FROM players p LEFT JOIN teams t ON p.team_id = t.id\n       W","rows":1,"ms":247}
[2026-04-20T17:08:30.652Z] [DB] Q | {"sql":"SELECT badge_name, badge_emoji FROM player_badges WHERE player_id = ?","rows":7,"ms":242}
[2026-04-20T17:08:30.835Z] [DB] Q | {"sql":"SELECT g.id, g.date, g.time, g.game_mode, g.status, gp.result, gp.kills_total, gp.deaths_total\n     ","rows":5,"ms":183}
[2026-04-20T17:08:31.059Z] [DB] Q | {"sql":"SELECT winner_game_team, COUNT(*) AS wins\n         FROM rounds\n         WHERE game_id=? AND status='","rows":1,"ms":222}
[2026-04-20T17:08:31.163Z] [DB] Q | {"sql":"SELECT winner_game_team, COUNT(*) AS wins\n         FROM rounds\n         WHERE game_id=? AND status='","rows":2,"ms":104}
[2026-04-20T17:08:31.388Z] [DB] Q | {"sql":"SELECT winner_game_team, COUNT(*) AS wins\n         FROM rounds\n         WHERE game_id=? AND status='","rows":2,"ms":224}
[2026-04-20T17:08:31.593Z] [DB] Q | {"sql":"SELECT winner_game_team, COUNT(*) AS wins\n         FROM rounds\n         WHERE game_id=? AND status='","rows":2,"ms":204}
[2026-04-20T17:08:31.668Z] [DB] Q | {"sql":"SELECT winner_game_team, COUNT(*) AS wins\n         FROM rounds\n         WHERE game_id=? AND status='","rows":2,"ms":74}
[2026-04-20T17:08:32.013Z] [DB] Q | {"sql":"SELECT COUNT(*) AS c\n       FROM round_players rp\n       JOIN rounds r ON r.id = rp.round_id\n       ","rows":1,"ms":343}
[2026-04-20T17:08:32.617Z] [DB] Q | {"sql":"SELECT COUNT(*) AS c\n       FROM round_players rp\n       JOIN rounds r ON r.id = rp.round_id\n       ","rows":1,"ms":603}
[2026-04-20T17:08:32.802Z] [DB] Q | {"sql":"SELECT p.id, p.nickname, p.callsign, p.rating\n       FROM friends f\n       JOIN players p ON p.id = ","rows":2,"ms":184}
[2026-04-20T17:08:32.804Z] [INFO] Profile API | {"tgId":412606522,"isAdmin":true,"admins":[412606522]}
[2026-04-20T17:08:32.832Z] [DEBUG] API GET /profile | {"body":{}}
[2026-04-20T17:08:32.834Z] [WARN] DEV AUTH BYPASS | {"userId":412606522}
[2026-04-20T17:08:32.859Z] [DEBUG] API GET /friends | {"body":{}}
[2026-04-20T17:08:32.860Z] [WARN] DEV AUTH BYPASS | {"userId":412606522}
[2026-04-20T17:08:32.862Z] [DEBUG] API GET /loot/state | {"body":{}}
[2026-04-20T17:08:32.863Z] [WARN] DEV AUTH BYPASS | {"userId":412606522}
[2026-04-20T17:08:32.866Z] [DEBUG] API GET /survey/status | {"body":{}}
[2026-04-20T17:08:32.867Z] [WARN] DEV AUTH BYPASS | {"userId":412606522}
[2026-04-20T17:08:33.006Z] [DB] Q | {"sql":"SELECT * FROM players WHERE telegram_id=?","rows":1,"ms":172}
[2026-04-20T17:08:33.104Z] [DB] Q | {"sql":"SELECT p.*, t.name AS team_name\n       FROM players p LEFT JOIN teams t ON p.team_id = t.id\n       W","rows":1,"ms":96}
[2026-04-20T17:08:33.185Z] [DB] Q | {"sql":"SELECT badge_name, badge_emoji FROM player_badges WHERE player_id = ?","rows":7,"ms":81}
[2026-04-20T17:08:33.252Z] [DB] Q | {"sql":"SELECT * FROM players WHERE telegram_id=?","rows":1,"ms":383}
[2026-04-20T17:08:33.254Z] [DB] Q | {"sql":"SELECT * FROM players WHERE telegram_id=?","rows":1,"ms":390}
[2026-04-20T17:08:33.261Z] [DB] Q | {"sql":"SELECT * FROM players WHERE telegram_id=?","rows":1,"ms":399}
[2026-04-20T17:08:33.264Z] [DB] Q | {"sql":"SELECT g.id, g.date, g.time, g.game_mode, g.status, gp.result, gp.kills_total, gp.deaths_total\n     ","rows":5,"ms":78}
[2026-04-20T17:08:33.338Z] [DB] Q | {"sql":"SELECT * FROM players WHERE telegram_id=?","rows":1,"ms":83}
[2026-04-20T17:08:33.340Z] [DB] Q | {"sql":"SELECT winner_game_team, COUNT(*) AS wins\n         FROM rounds\n         WHERE game_id=? AND status='","rows":1,"ms":75}
[2026-04-20T17:08:33.365Z] [DB] Q | {"sql":"SELECT id, created_at\n       FROM player_feedback_surveys\n       WHERE player_id=? AND survey_key=?\n","rows":0,"ms":112}
[2026-04-20T17:08:33.518Z] [DB] Q | {"sql":"SELECT id FROM players WHERE telegram_id = ?","rows":1,"ms":254}
[2026-04-20T17:08:33.520Z] [DB] Q | {"sql":"SELECT winner_game_team, COUNT(*) AS wins\n         FROM rounds\n         WHERE game_id=? AND status='","rows":2,"ms":179}
[2026-04-20T17:08:33.622Z] [DB] Q | {"sql":"SELECT rating FROM players WHERE id=?","rows":1,"ms":282}
[2026-04-20T17:08:33.650Z] [DB] Q | {"sql":"SELECT winner_game_team, COUNT(*) AS wins\n         FROM rounds\n         WHERE game_id=? AND status='","rows":2,"ms":129}
[2026-04-20T17:08:33.704Z] [DB] Q | {"sql":"SELECT p.id, p.nickname, p.callsign, p.rating\n       FROM friends f\n       JOIN players p ON p.id = ","rows":2,"ms":185}
[2026-04-20T17:08:33.718Z] [DB] Q | {"sql":"SELECT winner_game_team, COUNT(*) AS wins\n         FROM rounds\n         WHERE game_id=? AND status='","rows":2,"ms":66}
[2026-04-20T17:08:33.837Z] [DB] Q | {"sql":"SELECT * FROM player_spins WHERE player_id=?","rows":1,"ms":214}
[2026-04-20T17:08:33.839Z] [DB] Q | {"sql":"SELECT winner_game_team, COUNT(*) AS wins\n         FROM rounds\n         WHERE game_id=? AND status='","rows":2,"ms":121}
[2026-04-20T17:08:33.943Z] [DB] Q | {"sql":"SELECT f.id, p.nickname, p.callsign, p.rating\n       FROM friends f\n       JOIN players p ON p.id = ","rows":0,"ms":237}
[2026-04-20T17:08:33.945Z] [DB] Q | {"sql":"SELECT COUNT(*) AS c\n       FROM round_players rp\n       JOIN rounds r ON r.id = rp.round_id\n       ","rows":1,"ms":105}
[2026-04-20T17:08:33.953Z] [DEBUG] API GET /friends | {"body":{}}
[2026-04-20T17:08:33.954Z] [WARN] DEV AUTH BYPASS | {"userId":412606522}
[2026-04-20T17:08:34.082Z] [DB] Q | {"sql":"SELECT id, reward_key, rarity, image_url, status, source, game_id, created_at FROM player_loot_rewar","rows":3,"ms":243}
[2026-04-20T17:08:34.084Z] [DB] Q | {"sql":"SELECT COUNT(*) AS c\n       FROM round_players rp\n       JOIN rounds r ON r.id = rp.round_id\n       ","rows":1,"ms":137}
[2026-04-20T17:08:34.094Z] [DEBUG] API GET /loot/state | {"body":{}}
[2026-04-20T17:08:34.095Z] [WARN] DEV AUTH BYPASS | {"userId":412606522}
[2026-04-20T17:08:34.203Z] [DB] Q | {"sql":"SELECT * FROM players WHERE telegram_id=?","rows":1,"ms":248}
[2026-04-20T17:08:34.277Z] [DB] Q | {"sql":"SELECT p.id, p.nickname, p.callsign, p.rating\n       FROM friends f\n       JOIN players p ON p.id = ","rows":2,"ms":189}
[2026-04-20T17:08:34.278Z] [INFO] Profile API | {"tgId":412606522,"isAdmin":true,"admins":[412606522]}
[2026-04-20T17:08:34.281Z] [DB] Q | {"sql":"SELECT * FROM players WHERE telegram_id=?","rows":1,"ms":186}
[2026-04-20T17:08:34.335Z] [DB] Q | {"sql":"SELECT id FROM players WHERE telegram_id = ?","rows":1,"ms":131}
[2026-04-20T17:08:34.408Z] [DB] Q | {"sql":"SELECT * FROM players WHERE telegram_id=?","rows":1,"ms":126}
[2026-04-20T17:08:34.423Z] [DB] Q | {"sql":"SELECT p.id, p.nickname, p.callsign, p.rating\n       FROM friends f\n       JOIN players p ON p.id = ","rows":2,"ms":85}
[2026-04-20T17:08:34.532Z] [DB] Q | {"sql":"SELECT rating FROM players WHERE id=?","rows":1,"ms":123}
[2026-04-20T17:08:34.663Z] [DB] Q | {"sql":"SELECT f.id, p.nickname, p.callsign, p.rating\n       FROM friends f\n       JOIN players p ON p.id = ","rows":0,"ms":239}
[2026-04-20T17:08:34.868Z] [DB] Q | {"sql":"SELECT * FROM player_spins WHERE player_id=?","rows":1,"ms":335}
[2026-04-20T17:08:34.929Z] [DB] Q | {"sql":"SELECT id, reward_key, rarity, image_url, status, source, game_id, created_at FROM player_loot_rewar","rows":3,"ms":58}
[2026-04-20T17:08:59.429Z] [DEBUG] Keep-warm ping OK | {"status":200}
[2026-04-20T17:09:04.117Z] [DEBUG] API GET /games | {"body":{}}
[2026-04-20T17:09:04.118Z] [WARN] DEV AUTH BYPASS | {"userId":412606522}
[2026-04-20T17:09:04.180Z] [DB] Q | {"sql":"SELECT * FROM players WHERE telegram_id=?","rows":1,"ms":60}
[2026-04-20T17:09:04.290Z] [DB] Q | {"sql":"SELECT * FROM games ORDER BY created_at DESC LIMIT 50","rows":5,"ms":109}
[2026-04-20T17:09:04.369Z] [DB] Q | {"sql":"SELECT game_id, COUNT(*) as c\n         FROM game_players\n         WHERE game_id IN (?,?,?,?,?)\n     ","rows":5,"ms":77}
[2026-04-20T17:09:04.472Z] [DB] Q | {"sql":"SELECT id FROM players WHERE telegram_id = ?","rows":1,"ms":101}
[2026-04-20T17:09:04.568Z] [DB] Q | {"sql":"SELECT friend_id FROM friends WHERE player_id=? AND status='accepted'","rows":2,"ms":94}
[2026-04-20T17:09:04.678Z] [DB] Q | {"sql":"SELECT gp.game_id, COALESCE(p.callsign, p.nickname) AS nickname\n             FROM game_players gp\n  ","rows":5,"ms":108}
[2026-04-20T17:09:06.090Z] [DEBUG] API GET /games/5 | {"body":{}}
[2026-04-20T17:09:06.092Z] [WARN] DEV AUTH BYPASS | {"userId":412606522}
[2026-04-20T17:09:06.094Z] [DEBUG] API GET /games/5/rides | {"body":{}}
[2026-04-20T17:09:06.097Z] [WARN] DEV AUTH BYPASS | {"userId":412606522}
[2026-04-20T17:09:06.122Z] [DEBUG] API GET /games/5/billing | {"body":{}}
[2026-04-20T17:09:06.124Z] [WARN] DEV AUTH BYPASS | {"userId":412606522}
[2026-04-20T17:09:06.127Z] [DEBUG] API GET /games/5/settlements | {"body":{}}
[2026-04-20T17:09:06.128Z] [WARN] DEV AUTH BYPASS | {"userId":412606522}
[2026-04-20T17:09:06.130Z] [DEBUG] API GET /games/5/my-settlement | {"body":{}}
[2026-04-20T17:09:06.132Z] [WARN] DEV AUTH BYPASS | {"userId":412606522}
[2026-04-20T17:09:06.170Z] [DB] Q | {"sql":"SELECT * FROM players WHERE telegram_id=?","rows":1,"ms":77}
[2026-04-20T17:09:06.173Z] [DB] Q | {"sql":"SELECT * FROM players WHERE telegram_id=?","rows":1,"ms":76}
[2026-04-20T17:09:06.186Z] [DB] Q | {"sql":"SELECT * FROM players WHERE telegram_id=?","rows":1,"ms":60}
[2026-04-20T17:09:06.189Z] [DB] Q | {"sql":"SELECT * FROM players WHERE telegram_id=?","rows":1,"ms":60}
[2026-04-20T17:09:06.290Z] [DB] Q | {"sql":"SELECT id, status, payment, date, time, location FROM games WHERE id=?","rows":1,"ms":97}
[2026-04-20T17:09:06.292Z] [DB] Q | {"sql":"SELECT * FROM games WHERE id = ?","rows":1,"ms":121}
[2026-04-20T17:09:06.294Z] [DB] Q | {"sql":"SELECT id FROM players WHERE telegram_id=?","rows":1,"ms":118}
[2026-04-20T17:09:06.297Z] [DB] Q | {"sql":"SELECT id, status, payment, date, time, location FROM games WHERE id=?","rows":1,"ms":109}
[2026-04-20T17:09:06.373Z] [DB] Q | {"sql":"SELECT * FROM players WHERE telegram_id=?","rows":1,"ms":241}
[2026-04-20T17:09:06.387Z] [DB] Q | {"sql":"SELECT\n        gp.player_id AS player_id,\n        COALESCE(p.callsign, p.nickname) AS player_name,\n ","rows":18,"ms":95}
[2026-04-20T17:09:06.392Z] [DB] Q | {"sql":"SELECT gp.*, COALESCE(p.callsign, p.nickname) AS nickname, p.rating, t.name as team_name\n       FROM","rows":18,"ms":99}
[2026-04-20T17:09:06.395Z] [DB] Q | {"sql":"SELECT r.*,\n              COALESCE(p.callsign, p.nickname) AS owner_nickname\n       FROM game_rides ","rows":0,"ms":100}
[2026-04-20T17:09:06.399Z] [DB] Q | {"sql":"SELECT\n        gp.player_id AS player_id,\n        COALESCE(p.callsign, p.nickname) AS player_name,\n ","rows":18,"ms":101}
[2026-04-20T17:09:06.458Z] [DB] Q | {"sql":"SELECT id, status, payment, date, time, location FROM games WHERE id=?","rows":1,"ms":83}
[2026-04-20T17:09:06.473Z] [DB] Q | {"sql":"SELECT player_id, amount, note\n     FROM game_player_prepayments\n     WHERE game_id=? AND player_id ","rows":0,"ms":84}
[2026-04-20T17:09:06.489Z] [DB] Q | {"sql":"SELECT * FROM rounds WHERE game_id = ? ORDER BY round_number","rows":6,"ms":96}
[2026-04-20T17:09:06.538Z] [DB] Q | {"sql":"SELECT id FROM players WHERE telegram_id = ?","rows":1,"ms":48}
[2026-04-20T17:09:06.562Z] [DB] Q | {"sql":"SELECT\n        gp.player_id AS player_id,\n        COALESCE(p.callsign, p.nickname) AS player_name,\n ","rows":18,"ms":102}
[2026-04-20T17:09:06.566Z] [DB] Q | {"sql":"SELECT player_id, COALESCE(SUM(amount),0) AS total_amount\n     FROM game_player_payment_events\n     ","rows":18,"ms":92}
[2026-04-20T17:09:06.644Z] [DB] Q | {"sql":"SELECT item_key, total_qty, is_disabled, notes, updated_at FROM game_equipment_stock WHERE game_id=?","rows":0,"ms":83}
[2026-04-20T17:09:06.663Z] [DB] Q | {"sql":"SELECT player_id, amount, note\n     FROM game_player_prepayments\n     WHERE game_id=? AND player_id ","rows":0,"ms":100}
[2026-04-20T17:09:06.685Z] [DB] Q | {"sql":"SELECT id, player_id, reward_key, status, source\n     FROM player_loot_rewards\n     WHERE game_id=? ","rows":0,"ms":116}
[2026-04-20T17:09:06.734Z] [DB] Q | {"sql":"SELECT gpe.item_key, COALESCE(SUM(gpe.quantity),0) AS reserved_qty\n       FROM game_player_equipment","rows":4,"ms":89}
[2026-04-20T17:09:06.772Z] [DB] Q | {"sql":"SELECT player_id, COALESCE(SUM(amount),0) AS total_amount\n     FROM game_player_payment_events\n     ","rows":18,"ms":107}
[2026-04-20T17:09:06.859Z] [DB] Q | {"sql":"SELECT item_key, quantity\n         FROM game_player_equipment\n         WHERE game_id=? AND player_id","rows":1,"ms":124}
[2026-04-20T17:09:06.873Z] [DB] Q | {"sql":"SELECT id, player_id, reward_key, status, source\n     FROM player_loot_rewards\n     WHERE game_id=? ","rows":0,"ms":100}
[2026-04-20T17:09:06.939Z] [DB] Q | {"sql":"SELECT item_key, quantity, unit_price, total_price\n           FROM game_player_equipment\n           ","rows":1,"ms":78}
[2026-04-20T17:09:07.059Z] [DEBUG] API GET /admin/games/5/equipment-stock | {"body":{}}
[2026-04-20T17:09:07.060Z] [WARN] DEV AUTH BYPASS | {"userId":412606522}
[2026-04-20T17:09:07.119Z] [DB] Q | {"sql":"SELECT * FROM players WHERE telegram_id=?","rows":1,"ms":58}
[2026-04-20T17:09:07.154Z] [DB] Q | {"sql":"SELECT item_key, total_qty, is_disabled, notes, updated_at FROM game_equipment_stock WHERE game_id=?","rows":0,"ms":33}
[2026-04-20T17:09:07.239Z] [DB] Q | {"sql":"SELECT item_key, COALESCE(SUM(quantity),0) AS reserved_qty\n       FROM game_player_equipment\n       ","rows":4,"ms":83}
[2026-04-20T17:13:59.467Z] [DEBUG] Keep-warm ping OK | {"status":200}
[2026-04-20T19:15:57.693Z] [WARN] Keep-warm ping failed | {"healthUrl":"https://airsoft-app.onrender.com/api/health","error":"getaddrinfo ENOTFOUND airsoft-app.onrender.com"}
[2026-04-20T19:16:00.108Z] [DEBUG] API GET /profile | {"body":{}}
[2026-04-20T19:16:00.110Z] [WARN] DEV AUTH BYPASS | {"userId":412606522}
[2026-04-20T19:16:00.119Z] [ERROR] Q fail | {"sql":"SELECT * FROM players WHERE telegram_id=?","error":"getaddrinfo ENOTFOUND s5.thehost.com.ua"}
[2026-04-20T19:16:00.121Z] [ERROR] Auth middleware error | {"message":"getaddrinfo ENOTFOUND s5.thehost.com.ua","code":"ENOTFOUND","errno":-3008}
[2026-04-20T19:16:00.192Z] [DEBUG] API GET /profile | {"body":{}}
[2026-04-20T19:16:00.201Z] [WARN] DEV AUTH BYPASS | {"userId":412606522}
[2026-04-20T19:16:00.223Z] [ERROR] Q fail | {"sql":"SELECT * FROM players WHERE telegram_id=?","error":"getaddrinfo ENOTFOUND s5.thehost.com.ua"}
[2026-04-20T19:16:00.229Z] [ERROR] Auth middleware error | {"message":"getaddrinfo ENOTFOUND s5.thehost.com.ua","code":"ENOTFOUND","errno":-3008}
[2026-04-20T19:16:00.607Z] [DEBUG] API GET /profile | {"body":{}}
[2026-04-20T19:16:00.608Z] [WARN] DEV AUTH BYPASS | {"userId":412606522}
[2026-04-20T19:16:00.613Z] [ERROR] Q fail | {"sql":"SELECT * FROM players WHERE telegram_id=?","error":"getaddrinfo ENOTFOUND s5.thehost.com.ua"}
[2026-04-20T19:16:00.614Z] [ERROR] Auth middleware error | {"message":"getaddrinfo ENOTFOUND s5.thehost.com.ua","code":"ENOTFOUND","errno":-3008}
[2026-04-20T19:16:00.664Z] [DEBUG] API GET /profile | {"body":{}}
[2026-04-20T19:16:00.665Z] [WARN] DEV AUTH BYPASS | {"userId":412606522}
[2026-04-20T19:16:00.668Z] [ERROR] Q fail | {"sql":"SELECT * FROM players WHERE telegram_id=?","error":"getaddrinfo ENOTFOUND s5.thehost.com.ua"}
[2026-04-20T19:16:00.669Z] [ERROR] Auth middleware error | {"message":"getaddrinfo ENOTFOUND s5.thehost.com.ua","code":"ENOTFOUND","errno":-3008}
